Document	Subdoc	WordId	WordForm	ChangedAttrib	NewValue	OldValue	Relevant
0085-004	1-3	18	μὴ	postag	d--------	g--------	
0085-004	4	2	μὲν	postag	d--------	g--------	
0085-004	4	3	γὰρ	postag	d--------	g--------	
0085-004	4	10	[0]	lemma	_	/	
0085-004	5-9	2	δ’	postag	d--------	g--------	
0085-004	5-9	3	αὖθ’	relation	ADV	AuxZ	
0085-004	5-9	3	αὖθ’	head	18	2	
0085-004	5-9	6	μὴ	postag	d--------	g--------	
0085-004	5-9	7	γένοιτο	postag	v3saom---	v3sao----	
0085-004	5-9	13	ἂν	postag	d--------	g--------	
0085-004	5-9	14	εἷς	postag	m-s---mn-	n-s---mn-	
0085-004	5-9	14	εἷς	relation	ADV	ATV	
0085-004	5-9	15	πολὺς	relation	ADV	ATV	
0085-004	5-9	24	θ’	postag	b--------	g--------	
0085-004	5-9	30	γένοιτο	postag	v3saom---	v3sao----	
0085-004	16	2	τε	postag	b--------	g--------	
0085-004	16	4	γῇ	form	γῇ	Γῇ	
0085-004	16	4	γῇ	relation	OBJ_CO	OBJ_AP_CO	
0085-004	16	4	γῇ	head	5	7	
0085-004	16	5	τε	postag	b--------	g--------	
0085-004	16	6	μητρί	relation	APOS	ATR	
0085-004	16	7	,	relation	AuxX	APOS	
0085-004	16	7	,	head	0	5	
0085-004	16	8	φιλτάτῃ	lemma	φίλος	φίλτατος	
0085-004	16	8	φιλτάτῃ	postag	a-s---fds	a-s---fd-	
0085-004	16	9	τροφῷ	relation	APOS	OBJ_AP_CO	
0085-004	16	9	τροφῷ	head	4	7	
0085-004	16	11	[0]	lemma	_	/	
0085-004	17-20	1	ἡ	postag	l-s---fn-	p-s---fn-	
0085-004	17-20	2	γὰρ	postag	d--------	g--------	
0085-004	17-20	3	νέους	relation	ADV	AtvV	
0085-004	17-20	14	οἰκητῆρας	relation	ADV	AtvV	
0085-004	21	1	καὶ	postag	d--------	c--------	
0085-004	21	3	μὲν	postag	d--------	g--------	
0085-004	22-23	2	γὰρ	postag	d--------	g--------	
0085-004	22-23	8	πλείω	lemma	πολύς	πλείων	
0085-004	22-23	12	κυρεῖ	relation	PRED	COORD	
0085-004	24-26	2	δ’	postag	d--------	g--------	
0085-004	24-26	3	ὡς	postag	c--------	d--------	
0085-004	24-26	5	μάντις	relation	SBJ	SBJ_AP	
0085-004	24-26	5	μάντις	head	6	7	
0085-004	24-26	7	,	relation	AuxX	APOS	
0085-004	24-26	7	,	head	0	6	
0085-004	24-26	9	βοτήρ	relation	APOS	SBJ_AP	
0085-004	24-26	9	βοτήρ	head	5	7	
0085-004	24-26	10	,	head	5	7	
0085-004	24-26	14	καὶ	postag	b--------	c--------	
0085-004	24-26	18	δίχα	relation	ADV	AuxP	
0085-004	24-26	25	[0]	lemma	_	/	
0085-004	27-29	1	οὗτος	postag	p-s---mn-	a-s---mn-	
0085-004	27-29	1	οὗτος	relation	SBJ	SBJ_AP	
0085-004	27-29	1	οὗτος	head	5	13	
0085-004	27-29	3	δεσπότης	relation	APOS	SBJ_AP	
0085-004	27-29	3	δεσπότης	head	1	13	
0085-004	27-29	6	μεγίστην	postag	a-s---fas	a-s---fa-	
0085-004	27-29	7	προσβολὴν	head	1	13	
0085-004	27-29	8	Ἀχαιίδα	lemma	Ἀχαιΐς	Ἀχαιίς	
0085-004	27-29	9	νυκτηγορεῖσθαι	head	1	13	
0085-004	27-29	10	κἀπιβουλεύσειν	head	1	13	
0085-004	30-35	3	τ’	postag	b--------	g--------	
0085-004	30-35	5	καὶ	postag	b--------	c--------	
0085-004	30-35	8	ὁρμᾶσθε	postag	v2ppse---	v2ppsa---	
0085-004	30-35	23	καὶ	postag	b--------	c--------	
0085-004	30-35	31	μη	postag	d--------	g--------	
0085-004	30-35	32	δ’	postag	b--------	g--------	
0085-004	36-37	2	δὲ	postag	d--------	g--------	
0085-004	36-37	3	κἀγὼ	postag	p1s---cn-	p-s---mn-	
0085-004	36-37	4	καὶ	postag	b--------	c--------	
0085-004	36-37	9	τοὺς	postag	l-p---ma-	p-p---ma-	
0085-004	36-37	11	μὴ	postag	d--------	g--------	
0085-004	36-37	13	ὁδῷ	postag	n-s---fd-	n-s---md-	
0085-004	38	1	καὶ	postag	d--------	c--------	
0085-004	38	1	καὶ	relation	AuxY	COORD	
0085-004	38	1	καὶ	head	7	0	
0085-004	38	5	τι	relation	ADV	AuxZ	
0085-004	38	6	μὴ	postag	d--------	g--------	
0085-004	38	6	μὴ	relation	AuxZ	AuxY	
0085-004	38	7	ληφθῶ	head	0	1	
0085-004	39-41	1	Ἐτεόκλεες	lemma	Ἐτεοκλῆς	Ετεοκλῆς	
0085-004	39-41	1	Ἐτεόκλεες	relation	ExD	ExD_AP	
0085-004	39-41	1	Ἐτεόκλεες	head	7	2	
0085-004	39-41	2	,	relation	AuxX	APOS	
0085-004	39-41	2	,	head	0	7	
0085-004	39-41	5	ἄναξ	relation	APOS	ExD_AP	
0085-004	39-41	5	ἄναξ	head	1	2	
0085-004	39-41	6	,	head	1	2	
0085-004	39-41	8	σαφῆ	relation	ADV	ATV	
0085-004	39-41	14	αὐτὸς	postag	p-s---mn-	a-s---mn-	
0085-004	39-41	14	αὐτὸς	relation	ADV	ATV	
0085-004	39-41	16	δ’	postag	b--------	g--------	
0085-004	39-41	18	ἐγὼ	postag	p1s---cn-	p-s---mn-	
0085-004	42-48	1	ἄνδρες	relation	SBJ	SBJ_AP	
0085-004	42-48	1	ἄνδρες	head	26	4	
0085-004	42-48	2	γὰρ	postag	d--------	g--------	
0085-004	42-48	4	,	relation	AuxX	APOS	
0085-004	42-48	4	,	head	0	26	
0085-004	42-48	6	λοχαγέται	relation	APOS	SBJ_AP	
0085-004	42-48	6	λοχαγέται	head	1	4	
0085-004	42-48	12	καὶ	postag	b--------	c--------	
0085-004	42-48	19	τ’	postag	b--------	g--------	
0085-004	42-48	23	καὶ	postag	b--------	c--------	
0085-004	42-48	25	φόβον	form	φόβον	Φόβον	
0085-004	42-48	27	ἢ	postag	b--------	c--------	
0085-004	42-48	34	βίᾳ	postag	n-s---fd-	n-p---fd-	
0085-004	42-48	36	ἢ	postag	b--------	c--------	
0085-004	42-48	38	θανόντες	lemma	θνῄσκω	θνήσκω	
0085-004	49-51	2	θ’	postag	b--------	g--------	
0085-004	49-51	2	θ’	relation	AuxY	COORD	
0085-004	49-51	2	θ’	head	12	0	
0085-004	49-51	3	αὑτῶν	postag	p-p---mg-	a-p---mg-	
0085-004	49-51	12	ἔστεφον	relation	PRED	PRED_CO	
0085-004	49-51	12	ἔστεφον	head	0	2	
0085-004	51	2	δ’	postag	d--------	g--------	
0085-004	51	3	οὔτις	postag	p-s---mn-	a-s---mn-	
0085-004	51	3	οὔτις	relation	ATR	PRED	
0085-004	52-53	2	γὰρ	postag	d--------	g--------	
0085-004	52-53	9	ὡς	postag	c--------	d--------	
0085-004	52-53	13	[0]	lemma	_	/	
0085-004	52-53	14	[1]	lemma	_	/	
0085-004	54	1	καὶ	postag	d--------	c--------	
0085-004	54	1	καὶ	relation	AuxY	COORD	
0085-004	54	1	καὶ	head	6	0	
0085-004	54	6	χρονίζεται	relation	PRED	PRED_CO	
0085-004	54	6	χρονίζεται	head	0	1	
0085-004	55-56	1	κληρουμένους	relation	ADV	AtvV	
0085-004	55-56	2	δ’	postag	d--------	g--------	
0085-004	55-56	9	αὐτῶν	postag	p-p---mg-	a-p---mg-	
0085-004	57-58	2	ταῦτ’	postag	p-p---na-	a-p---na-	
0085-004	57-58	3	ἀρίστους	lemma	ἀγαθός	ἄριστος	
0085-004	57-58	3	ἀρίστους	postag	a-p---mas	a-p---ma-	
0085-004	59-61	2	γὰρ	postag	d--------	g--------	
0085-004	59-61	12	δ’	postag	b--------	g--------	
0085-004	62-64	1	σὺ	postag	p2s---cn-	p-s---mn-	
0085-004	62-64	1	σὺ	relation	SBJ	ExD	
0085-004	62-64	2	δ’	postag	d--------	g--------	
0085-004	62-64	3	ὥστε	relation	AuxC	AuxP	
0085-004	62-64	15	[0]	lemma	_	/	
0085-004	64	2	γὰρ	postag	d--------	g--------	
0085-004	65	1	καὶ	postag	d--------	c--------	
0085-004	65	1	καὶ	relation	AuxY	COORD	
0085-004	65	1	καὶ	head	6	0	
0085-004	65	5	ὤκιστος	postag	a-s---mns	a-s---mn-	
0085-004	65	6	λαβέ	relation	PRED	PRED_CO	
0085-004	65	6	λαβέ	head	0	1	
0085-004	65	8	[0]	lemma	_	/	
0085-004	66-68	1	κἀγὼ	postag	p1s---cn-	p-s---mn-	
0085-004	66-68	1	κἀγὼ	relation	SBJ	AuxY	
0085-004	66-68	9	καὶ	postag	b--------	c--------	
0085-004	66-68	13	τὰ	postag	l-p---na-	p-p---na-	
0085-004	66-68	14	τῶν	postag	l-p---mg-	p-p---mg-	
0085-004	66-68	17	ἔσῃ	postag	v2sfim---	v2sfi----	
0085-004	69-73	3	τε	postag	b--------	g--------	
0085-004	69-73	4	καὶ	postag	b--------	c--------	
0085-004	69-73	5	γῆ	form	γῆ	Γῆ	
0085-004	69-73	6	καὶ	postag	b--------	c--------	
0085-004	69-73	10	ἀρά	form	ἀρά	Ἀρά	
0085-004	69-73	11	τ’	postag	b--------	g--------	
0085-004	69-73	17	μή	postag	d--------	c--------	
0085-004	69-73	18	μοι	postag	p1s---cd-	p-s---md-	
0085-004	69-73	20	γε	postag	d--------	g--------	
0085-004	69-73	22	πανώλεθρον	relation	ADV	ATV	
0085-004	69-73	24	δῃάλωτον	lemma	δηϊάλωτος	δηιάλωτος	
0085-004	69-73	24	δῃάλωτον	relation	ADV	ATV	
0085-004	69-73	30	καὶ	postag	b--------	c--------	
0085-004	74-75	2	δὲ	postag	d--------	g--------	
0085-004	74-75	4	τε	postag	b--------	g--------	
0085-004	74-75	5	καὶ	postag	b--------	c--------	
0085-004	74-75	11	σχεθεῖν	lemma	ἔχω	σχεθεῖν	
0085-004	76	2	δ’	postag	d--------	g--------	
0085-004	76	2	δ’	postag	d--------	g--------	
0085-004	76	2	δ’	relation	AuxY	COORD	
0085-004	76	2	δ’	head	3	0	
0085-004	77	2	γὰρ	postag	d--------	g--------	
0085-004	79-80	4	πολὺς	relation	ADV	ATV	
0085-004	79-80	7	πρόδρομος	relation	ADV	ATV	
0085-004	81-82	2	κόνις	relation	SBJ	SBJ_AP	
0085-004	81-82	2	κόνις	head	4	6	
0085-004	81-82	3	με	postag	p1s---ca-	p-s---fa-	
0085-004	81-82	6	,	relation	AuxX	APOS	
0085-004	81-82	6	,	head	0	4	
0085-004	81-82	10	ἄγγελος	relation	APOS	SBJ_AP	
0085-004	81-82	10	ἄγγελος	head	2	6	
0085-004	84-85	4	δ’	postag	b--------	g--------	
0085-004	86-88	6	τ’	postag	b--------	g--------	
0085-004	91-92	1	τίς	postag	p-s---cn-	p-s---mn-	
0085-004	91-92	2	ἄρα	postag	d--------	g--------	
0085-004	91-92	5	τίς	postag	p-s---cn-	p-s---mn-	
0085-004	91-92	6	ἄρ’	postag	d--------	g--------	
0085-004	91-92	9	ἢ	postag	b--------	c--------	
0085-004	93-95	2	δῆτ’	head	5	1	
0085-004	93-95	3	ἐγὼ	postag	p1s---cn-	p-s---mn-	
0085-004	96-97	2	μάκαρες	postag	a-p---mv-	n-p---mv-	
0085-004	96-97	4	,	relation	AuxX	AuxZ	
0085-004	100	2	ἢ	postag	b--------	c--------	
0085-004	103	3	ἑνὸς	postag	m-s---ng-	n-s---ng-	
0085-004	103	6	[0]	lemma	_	/	
0085-004		4	ἔπιδ’	relation	APOS	MWE	
0085-004	108	4	ἴτε	lemma	ἔρχομαι	εἶμι	
0085-004	110-111	1	ἴδετε	lemma	ὁράω	εἶδον	
0085-004	112-115	2	[γὰρ]	postag	d--------	g--------	
0085-004	112-115	2	[γὰρ]	relation	AuxY	UNDEFINED	
0085-004	112-115	2	[γὰρ]	head	7	0	
0085-004	116-117	5	?	relation	AuxK	UNDEFINED	
0085-004	116-117	6	πάτερ	lemma	πατήρ	πάτηρ	
0085-004	116-117	11	δαΐων	lemma	δάϊος	δάιος	
0085-004	120-121	2	δὲ	postag	d--------	g--------	
0085-004	121-123	2	δ’	postag	d--------	g--------	
0085-004	121-123	8	δέ	postag	b--------	g--------	
0085-004	121-123	9	τοι	postag	d--------	g--------	
0085-004	124-127	2	δ’	postag	d--------	g--------	
0085-004	124-127	2	δ’	relation	AuxY	COORD	
0085-004	124-127	2	δ’	head	10	0	
0085-004	124-127	3	ἀγάνορες	postag	a-p---mn-	n-p---mn-	
0085-004	124-127	10	προσίστανται	relation	PRED	PRED_CO	
0085-004	124-127	10	προσίστανται	head	0	2	
0085-004	128-132	1	σύ	postag	p2s---cn-	p-s---fn-	
0085-004	128-132	1	σύ	relation	ExD	ExD_AP	
0085-004	128-132	1	σύ	head	10	11	
0085-004	128-132	2	τ’	postag	b--------	g--------	
0085-004	128-132	3	,	head	1	11	
0085-004	128-132	5	διογενὲς	form	διογενὲς	Διογενὲς	
0085-004	128-132	7	κράτος	relation	APOS	ExD_AP	
0085-004	128-132	7	κράτος	head	1	11	
0085-004	128-132	8	,	head	1	11	
0085-004	128-132	11	,	relation	AuxX	APOS	
0085-004	128-132	11	,	head	0	10	
0085-004	128-132	12	Παλλάς	relation	APOS	ExD_AP	
0085-004	128-132	12	Παλλάς	head	1	11	
0085-004	128-132	15	θ’	postag	b--------	g--------	
0085-004	128-132	20	Ποσειδάων	lemma	Ποσειδῶν	Ποσειδεών	
0085-004	128-132	23	ἐπίλυσιν	relation	OBJ	OBJ_AP	
0085-004	128-132	23	ἐπίλυσιν	head	27	25	
0085-004	128-132	25	,	relation	AuxX	APOS	
0085-004	128-132	25	,	head	0	27	
0085-004	128-132	26	ἐπίλυσιν	relation	APOS	OBJ_AP	
0085-004	128-132	26	ἐπίλυσιν	head	23	25	
0085-004	135-136	1	σύ	postag	p2s---cn-	p-s---mn-	
0085-004	135-136	1	σύ	relation	ExD	ExD_AP	
0085-004	135-136	1	σύ	head	15	3	
0085-004	135-136	2	τ’	postag	b--------	g--------	
0085-004	135-136	2	τ’	relation	AuxY	COORD	
0085-004	135-136	2	τ’	head	15	0	
0085-004	135-136	3	,	relation	AuxX	APOS	
0085-004	135-136	3	,	head	0	15	
0085-004	135-136	4	Ἄρης	relation	APOS	ExD_AP	
0085-004	135-136	4	Ἄρης	head	1	3	
0085-004	135-136	5	,	head	1	3	
0085-004	135-136	6	φεῦ	relation	ExD	AuxY	
0085-004	135-136	6	φεῦ	head	15	8	
0085-004	135-136	15	τ’	postag	b--------	g--------	
0085-004	135-136	15	τ’	head	0	2	
0085-004	140-141	1	καὶ	postag	d--------	c--------	
0085-004	140-141	1	καὶ	relation	AuxY	COORD	
0085-004	140-141	1	καὶ	head	9	0	
0085-004	140-141	5	εἶ	lemma	εἰμί	εἰ	
0085-004	140-141	5	εἶ	postag	v2spia---	c--------	
0085-004	140-141	9	ἄλευσον	relation	PRED	PRED_CO	
0085-004	140-141	9	ἄλευσον	head	0	1	
0085-004	141-142	1	σέθεν	postag	p2s---cg-	p-s---fg-	
0085-004	141-142	2	γὰρ	postag	d--------	g--------	
0085-004	142-143	2	σε	postag	p2s---ca-	p-s---fa-	
0085-004	145-146	1	καὶ	postag	d--------	c--------	
0085-004	145-146	1	καὶ	relation	AuxY	COORD	
0085-004	145-146	1	καὶ	head	8	0	
0085-004	145-146	2	σύ	postag	p2s---cn-	p-s---mn-	
0085-004	145-146	2	σύ	relation	ExD	ExD_AP	
0085-004	145-146	2	σύ	head	8	3	
0085-004	145-146	3	,	relation	AuxX	APOS	
0085-004	145-146	3	,	head	0	8	
0085-004	145-146	4	λύκει’	form	λύκει’	Λύκει’	
0085-004	145-146	5	ἄναξ	relation	APOS	ExD_AP	
0085-004	145-146	5	ἄναξ	head	2	3	
0085-004	145-146	6	,	head	2	3	
0085-004	145-146	7	λύκειος	form	λύκειος	Λύκειος	
0085-004	145-146	8	γενοῦ	relation	PRED	PRED_CO	
0085-004	145-146	8	γενοῦ	head	0	1	
0085-004	145-146	10	δαΐῳ	lemma	δάϊος	δάιος	
0085-004	145-146	14	[0]	lemma	_	/	
0085-004	148-155	4	ἒ	relation	ExD	AuxY	
0085-004	148-155	4	ἒ	head	12	7	
0085-004	148-155	5	ἒ	relation	ExD	AuxY	
0085-004	148-155	5	ἒ	head	12	7	
0085-004	148-155	6	ἒ	relation	ExD	AuxY	
0085-004	148-155	6	ἒ	head	12	7	
0085-004	148-155	10	αἰθὴρ	postag	n-s---fn-	n-s---mn-	
0085-004	148-155	11	δ’	postag	b--------	g--------	
0085-004	148-155	12	ἐπιμαίνεται	lemma	ἐπιμαίνω	ἐπιμαίνομαι	
0085-004	156	3	ἄμμι	postag	p1p---cd-	p-p---md-	
0085-004	157	2	δ’	postag	d--------	g--------	
0085-004	157	2	δ’	relation	AuxY	COORD	
0085-004	157	2	δ’	head	5	0	
0085-004	157	5	ἐπάγει	relation	PRED	PRED_CO	
0085-004	157	5	ἐπάγει	head	0	2	
0085-004	158-158b	1	ἒ	relation	ExD	AuxY	
0085-004	158-158b	1	ἒ	head	10	4	
0085-004	158-158b	2	ἒ	relation	ExD	AuxY	
0085-004	158-158b	2	ἒ	head	10	4	
0085-004	158-158b	3	ἒ	relation	ExD	AuxY	
0085-004	158-158b	3	ἒ	head	10	4	
0085-004	158-158b	7	δ’	postag	b--------	g--------	
0085-004	159	5	[0]	lemma	_	/	
0085-004	160-162	7	παῖ	postag	n-s---cv-	n-s---mv-	
0085-004	160-162	17	[0]	lemma	_	/	
0085-004	163-165	1	σύ	postag	p2s---cn-	p-s---fn-	
0085-004	163-165	1	σύ	relation	ExD	ExD_AP	
0085-004	163-165	1	σύ	head	12	3	
0085-004	163-165	2	τε	postag	b--------	g--------	
0085-004	163-165	2	τε	relation	AuxY	COORD	
0085-004	163-165	2	τε	head	12	0	
0085-004	163-165	3	,	relation	AuxX	APOS	
0085-004	163-165	3	,	head	0	12	
0085-004	163-165	4	μάκαιρ’	postag	a-p---fv-	n-p---fv-	
0085-004	163-165	6	Ὄγκα	relation	APOS	ExD_AP	
0085-004	163-165	6	Ὄγκα	head	1	3	
0085-004	163-165	7	,	head	1	3	
0085-004	163-165	10	ἑπτάπυλον	postag	m-s---na-	a-s---na-	
0085-004	163-165	12	ἐπιρρύου	relation	PRED	PRED_CO	
0085-004	163-165	12	ἐπιρρύου	head	0	2	
0085-004	166-170	3	θεοί	relation	ExD	ExD_AP	
0085-004	166-170	3	θεοί	head	16	4	
0085-004	166-170	4	,	relation	AuxX	APOS	
0085-004	166-170	4	,	head	0	16	
0085-004	166-170	8	τε	postag	b--------	g--------	
0085-004	166-170	11	πυργοφύλακες	relation	APOS	ExD_AP	
0085-004	166-170	11	πυργοφύλακες	head	3	4	
0085-004	166-170	12	,	head	3	4	
0085-004	166-170	15	μὴ	postag	d--------	c--------	
0085-004	171-172	1	κλύετε	relation	MWE	AuxY	
0085-004	173-178	5	λυτήριοί	relation	ADV	AtvV	
0085-004	173-178	6	τ’	postag	b--------	g--------	
0085-004	173-178	15	θ’	postag	b--------	g--------	
0085-004	173-178	20	δ’	postag	b--------	g--------	
0085-004	173-178	23	[0]	lemma	_	/	
0085-004	179-180	2	δέ	postag	d--------	g--------	
0085-004	179-180	2	δέ	relation	AuxY	COORD	
0085-004	179-180	2	δέ	head	7	0	
0085-004	179-180	3	τοι	postag	d--------	g--------	
0085-004	179-180	7	ἐστέ	head	0	2	
0085-004	179-180	8	μοι	postag	p1s---cd-	p-s---md-	
0085-004	181-186	1	ὑμᾶς	postag	p2p---ca-	p-p----a-	
0085-004	181-186	9	ταῦτ’	postag	p-p---nn-	a-p---nn-	
0085-004	181-186	9	ταῦτ’	relation	SBJ	SBJ_AP	
0085-004	181-186	9	ταῦτ’	head	33	20	
0085-004	181-186	11	καὶ	postag	b--------	c--------	
0085-004	181-186	16	τε	postag	b--------	g--------	
0085-004	181-186	20	,	relation	AuxX	APOS	
0085-004	181-186	20	,	head	0	33	
0085-004	181-186	26	αὔειν	relation	APOS_CO	SBJ_AP_CO	
0085-004	181-186	27	,	head	9	20	
0085-004	181-186	28	λακάζειν	relation	APOS_CO	SBJ_AP_CO	
0085-004	181-186	33	[0]	lemma	_	/	
0085-004	187-188	1	μήτ’	postag	d--------	g--------	
0085-004	187-188	3	κακοῖσι	relation	ADV_CO	ADV	
0085-004	187-188	4	μήτ’	lemma	μήτε	μήτις	
0085-004	187-188	4	μήτ’	postag	b--------	a-s----a-	
0085-004	187-188	6	εὐεστοῖ	relation	ADV_CO	ADV	
0085-004	189-190	2	μὲν	postag	d--------	g--------	
0085-004	189-190	3	γὰρ	postag	d--------	g--------	
0085-004	189-190	9	δ’	postag	b--------	g--------	
0085-004	189-190	11	καὶ	postag	b--------	c--------	
0085-004	189-190	13	πλέον	lemma	πολύς	πλείων	
0085-004	189-190	16	[0]	lemma	_	/	
0085-004	189-190	17	[1]	lemma	_	/	
0085-004	191-192	1	καὶ	postag	d--------	c--------	
0085-004	193-194	2	τῶν	postag	l-p---mg-	p-p---mg-	
0085-004	193-194	4	δ’	postag	b--------	g--------	
0085-004	193-194	6	ἄριστ’	lemma	ἀγαθός	ἄριστος	
0085-004	193-194	6	ἄριστ’	postag	a-p---nas	a-p---na-	
0085-004	193-194	9	αὐτοὶ	postag	p-p---mn-	a-p---mn-	
0085-004	193-194	10	δ’	postag	b--------	g--------	
0085-004	193-194	12	αὐτῶν	postag	p-p---mg-	a-p---mg-	
0085-004	195	1	τοιαῦτά	postag	p-p---na-	a-p---na-	
0085-004	195	2	τἂν	postag	d--------	g--------	
0085-004	196-199	2	μή	postag	d--------	c--------	
0085-004	196-199	3	τις	postag	p-s---cn-	p-s---mn-	
0085-004	196-199	3	τις	relation	SBJ	SBJ_AP	
0085-004	196-199	3	τις	head	7	8	
0085-004	196-199	8	,	relation	AuxX	APOS	
0085-004	196-199	8	,	head	0	7	
0085-004	196-199	9	ἀνὴρ	relation	APOS_CO	SBJ_AP_CO	
0085-004	196-199	10	γυνή	relation	APOS_CO	SBJ_AP_CO	
0085-004	196-199	11	τε	postag	b--------	g--------	
0085-004	196-199	12	χὤ	lemma	καί	ὅς	
0085-004	196-199	12	χὤ	postag	b--------	p-s---nn-	
0085-004	196-199	12	χὤ	head	3	8	
0085-004	196-199	14	τῶν	postag	l-p---mg-	p-p---mg-	
0085-004	196-199	15	μεταίχμιον	postag	a-s---nn-	n-s---nn-	
0085-004	196-199	19	αὐτῶν	postag	p-p---mg-	a-p---mg-	
0085-004	196-199	25	δ’	postag	b--------	g--------	
0085-004	196-199	27	τι	relation	ADV	AuxZ	
0085-004	196-199	28	μὴ	postag	d--------	c--------	
0085-004	196-199	28	μὴ	relation	AuxZ	AuxY	
0085-004	196-199	32	[0]	lemma	_	/	
0085-004	196-199	32	[0]	relation	APOS_CO	SBJ_AP_CO	
0085-004	200-201	2	γὰρ	postag	d--------	g--------	
0085-004	200-201	5	μὴ	postag	d--------	c--------	
0085-004	200-201	7	βουλευέτω	relation	ExD	PRED_PA	
0085-004	201	2	δ’	postag	d--------	g--------	
0085-004	201	4	μὴ	postag	d--------	c--------	
0085-004	202	2	ἢ	postag	b--------	c--------	
0085-004	202	2	ἢ	head	8	6	
0085-004	202	5	,	head	8	6	
0085-004	202	6	ἢ	postag	b--------	c--------	
0085-004	202	6	ἢ	relation	AuxY	COORD	
0085-004	202	6	ἢ	head	8	0	
0085-004	202	8	λέγω	relation	PRED	PRED_CO	
0085-004	202	8	λέγω	head	0	6	
0085-004		10	ὄτοβον	relation	APOS	MWE	
0085-004	208	2	οὖν	postag	d--------	g--------	
0085-004	208	2	οὖν	relation	AuxY	AuxZ	
0085-004	208	4	[0]	lemma	_	/	
0085-004		4	μὴ	head	9	3	
0085-004	214-215	1	δὴ	postag	d--------	g--------	
0085-004	214-215	1	δὴ	relation	AuxY	AuxZ	
0085-004	217	3	ἔσται	postag	v3sfim---	v3sfi----	
0085-004	217-218	2	οὖν	postag	d--------	g--------	
0085-004	217-218	2	οὖν	relation	AuxY	AuxZ	
0085-004	217-218	2	οὖν	head	11	1	
0085-004	217-218	11	[0]	lemma	_	/	
0085-004	219-222	10	μη	postag	d--------	g--------	
0085-004	219-222	11	δ’	postag	b--------	g--------	
0085-004	219-222	12	ἐπίδοιμι	lemma	ἐφοράω	ἐπεῖδον	
0085-004	219-222	14	ἀστυδρομουμέναν	relation	ADV	ATV	
0085-004	219-222	16	καὶ	postag	b--------	c--------	
0085-004	219-222	18	ἁπτόμενον	relation	ADV	ATV	
0085-004	219-222	20	δαΐῳ	lemma	δάϊος	δάιος	
0085-004	223	1	μή	postag	d--------	c--------	
0085-004	223	2	μοι	postag	p1s---cd-	p-s---md-	
0085-004	224-225	2	γάρ	postag	d--------	g--------	
0085-004	225	1	ὧδ’	relation	ADV	OBJ	
0085-004	226	2	δ’	postag	d--------	g--------	
0085-004	226	3	ἔτ’	relation	ADV	AuxZ	
0085-004	226	7	[0]	lemma	_	/	
0085-004	227-229	2	δ’	postag	d--------	g--------	
0085-004	227-229	12	κρημναμενᾶν	postag	v-pppefg-	v-ppppfg-	
0085-004	230-231	2	τάδ’	relation	SBJ	SBJ_AP	
0085-004	230-231	2	τάδ’	head	3	4	
0085-004	230-231	4	,	relation	AuxX	APOS	
0085-004	230-231	4	,	head	0	3	
0085-004	230-231	6	καὶ	postag	b--------	c--------	
0085-004	230-231	9	ἕρδειν	relation	APOS	SBJ_AP	
0085-004	230-231	9	ἕρδειν	head	2	4	
0085-004	230-231	10	πολεμίων	lemma	πολέμιος	πολεμέω	
0085-004	230-231	10	πολεμίων	postag	a-p---mg-	v-sppamn-	
0085-004	232	2	δ’	postag	d--------	g--------	
0085-004	232	3	αὖ	relation	ADV	AuxZ	
0085-004	232	3	αὖ	head	11	2	
0085-004	232	5	σιγᾶν	lemma	σιγάω	σιγή	
0085-004	232	5	σιγᾶν	postag	v--pna---	n-p---fg-	
0085-004	232	6	καὶ	postag	b--------	c--------	
0085-004	232	11	[0]	lemma	_	/	
0085-004	233-234	8	δ’	postag	b--------	g--------	
0085-004	235	1	τίς	postag	p-s---cn-	a-s---fn-	
0085-004	236	3	σοι	postag	p2s---cd-	p-s---fd-	
0085-004	237-238	4	μὴ	postag	d--------	c--------	
0085-004	237-238	10	μη	postag	d--------	g--------	
0085-004	237-238	11	δ’	postag	b--------	g--------	
0085-004	239-241	9	ἀκρόπτολιν	relation	OBJ	OBJ_AP	
0085-004	239-241	9	ἀκρόπτολιν	head	8	10	
0085-004	239-241	10	,	relation	AuxX	APOS	
0085-004	239-241	10	,	head	0	8	
0085-004	239-241	12	ἕδος	relation	APOS	OBJ_AP	
0085-004	239-241	12	ἕδος	head	9	10	
0085-004	239-241	13	,	head	9	10	
0085-004	242-243	1	μή	postag	d--------	c--------	
0085-004	242-243	2	νυν	lemma	νυν	νῦν	
0085-004	242-243	2	νυν	relation	AuxY	AuxZ	
0085-004	242-243	2	νυν	head	11	1	
0085-004	242-243	5	θνῄσκοντας	lemma	θνῄσκω	θνήσκω	
0085-004	242-243	6	ἢ	postag	b--------	c--------	
0085-004	242-243	8	πύθησθε	postag	v2ppse---	v2pasa---	
0085-004	244	1	τούτῳ	postag	p-s---nd-	a-s---nd-	
0085-004	244	1	τούτῳ	relation	OBJ	OBJ_AP	
0085-004	244	1	τούτῳ	head	4	5	
0085-004	244	2	γὰρ	postag	d--------	g--------	
0085-004	244	5	,	relation	AuxX	APOS	
0085-004	244	5	,	head	0	4	
0085-004	244	6	φόνῳ	relation	APOS	OBJ_AP	
0085-004	244	6	φόνῳ	head	1	5	
0085-004	245	1	καὶ	postag	d--------	c--------	
0085-004	245	2	μὴν	postag	d--------	g--------	
0085-004	245	2	μὴν	head	3	1	
0085-004	245	4	γ’	postag	d--------	g--------	
0085-004	246	1	μή	postag	d--------	c--------	
0085-004	246	2	νυν	lemma	νυν	νῦν	
0085-004	246	2	νυν	relation	AuxY	AuxZ	
0085-004	246	2	νυν	head	4	1	
0085-004	246	6	ἄγαν	relation	ADV	AuxZ	
0085-004	248	2	ἔμ’	postag	p1s---ca-	p-s---ma-	
0085-004	249	4	δ’	postag	b--------	g--------	
0085-004	250	3	μηδὲν	postag	p-s---na-	n-s---na-	
0085-004	250	5	ἐρεῖς	lemma	λέγω	ἐρῶ	
0085-004	251	4	μὴ	postag	d--------	c--------	
0085-004	253	4	μή	postag	d--------	c--------	
0085-004	253	5	με	postag	p1s---ca-	p-s---ma-	
0085-004	254	1	αὐτὴ	postag	p-s---fn-	a-s---fn-	
0085-004	254	1	αὐτὴ	relation	ADV	ATV	
0085-004	254	2	σὺ	postag	p2s---cn-	p-s---fn-	
0085-004	254	4	κἀμὲ	postag	p1s---ca-	p-s---ma-	
0085-004	254	5	καὶ	postag	b--------	c--------	
0085-004	256	5	οἷον	postag	p-s---na-	a-s---na-	
0085-004	256	5	οἷον	relation	ADV	ATV	
0085-004	257	1	μοχθηρόν	relation	ADV	ATV	
0085-004	257	2	,	relation	AuxX	AuxC	
0085-004	257	3	ὥσπερ	postag	c--------	d--------	
0085-004	257	9	[0]	lemma	_	/	
0085-004	257	10	[1]	lemma	_	/	
0085-004	257	11	[2]	lemma	_	/	
0085-004	259	2	γὰρ	postag	d--------	g--------	
0085-004	260	2	μοι	postag	p1s---cd-	p-s---md-	
0085-004	260	4	εἰ	postag	d--------	c--------	
0085-004	261	2	ἂν	postag	d--------	g--------	
0085-004	261	4	τάχιστα	postag	a-p---nas	a-p---na-	
0085-004	261	6	καὶ	postag	b--------	c--------	
0085-004	261	8	εἴσομαι	postag	v1sfim---	v1sfi----	
0085-004	262	4	τάλαινα	postag	a-s---fv-	a-s---fn-	
0085-004	262	6	μὴ	postag	d--------	c--------	
0085-004	263	2	ἄλλοις	postag	p-p---md-	a-p---md-	
0085-004	263	3	πείσομαι	postag	v1sfim---	v1sfi----	
0085-004	264	1	τοῦτ’	postag	p-s---na-	a-s---na-	
0085-004	264	3	ἐκείνων	postag	p-p---ng-	a-p---ng-	
0085-004	264	6	σέθεν	postag	p2s---cg-	p-s---fg-	
0085-004	265-266	1	καὶ	postag	d--------	c--------	
0085-004	265-266	1	καὶ	relation	AuxY	COORD	
0085-004	265-266	1	καὶ	head	10	0	
0085-004	265-266	3	γε	postag	d--------	g--------	
0085-004	265-266	3	γε	relation	AuxZ	AuxY	
0085-004	265-266	4	τούτοις	postag	p-p---md-	a-p---md-	
0085-004	265-266	6	ἐκτὸς	postag	r--------	d--------	
0085-004	265-266	7	οὖσ’	postag	v-sppafn-	v-pppafn-	
0085-004	265-266	10	εὔχου	relation	PRED	PRED_CO	
0085-004	265-266	10	εὔχου	head	0	1	
0085-004	265-266	12	κρείσσω	lemma	κρατύς	κρείσσων	
0085-004	265-266	12	κρείσσω	relation	OBJ	OBJ_AP	
0085-004	265-266	12	κρείσσω	head	10	13	
0085-004	265-266	13	,	relation	AuxX	APOS	
0085-004	265-266	13	,	head	0	10	
0085-004	265-266	15	εἶναι	relation	APOS	OBJ_AP	
0085-004	267-270	1	καί	form	καί	κἀμῶν	
0085-004	267-270	1	καί	lemma	καί	ἐμός	
0085-004	267-270	1	καί	postag	d--------	a-p---ng-	
0085-004	267-270	1	καί	relation	AuxY	COORD	
0085-004	267-270	1	καί	head	10	0	
0085-004	267-270	3	εὐγμάτων	lemma	εὖγμα	εὐγμα	
0085-004	267-270	6	σὺ	postag	p2s---cn-	p-s---fn-	
0085-004	267-270	6	σὺ	relation	SBJ	ExD	
0085-004	267-270	7	ὀλολυγμὸν	relation	OBJ	OBJ_AP	
0085-004	267-270	7	ὀλολυγμὸν	head	10	16	
0085-004	267-270	10	παιώνισον	relation	PRED	PRED_CO	
0085-004	267-270	10	παιώνισον	head	0	1	
0085-004	267-270	11	,	head	7	16	
0085-004	267-270	13	νόμισμα	relation	APOS	OBJ_AP	
0085-004	267-270	13	νόμισμα	head	7	16	
0085-004	267-270	16	,	relation	AuxX	APOS	
0085-004	267-270	16	,	head	0	10	
0085-004	267-270	17	θάρσος	relation	APOS	OBJ_AP	
0085-004	267-270	17	θάρσος	head	7	16	
0085-004	271-278	1	ἐγὼ	postag	p1s---cn-	p-s---mn-	
0085-004	271-278	2	δὲ	postag	d--------	g--------	
0085-004	271-278	9	τε	postag	b--------	g--------	
0085-004	271-278	10	κἀγορᾶς	lemma	καί	ἀγορά	
0085-004	271-278	10	κἀγορᾶς	postag	b--------	n-s---fg-	
0085-004	271-278	14	τε	postag	b--------	g--------	
0085-004	271-278	18	τ’	postag	b--------	g--------	
0085-004	271-278	23	καὶ	postag	b--------	c--------	
0085-004	271-278	25	σεσωμένης	lemma	σῴζω	σώζω	
0085-004	271-278	36	ἐπεύχομαι]	relation	ExD	PRED_PA	
0085-004	271-278	38	τροπαῖα	lemma	τρόπαιον	τροπαῖος	
0085-004	271-278	38	τροπαῖα	postag	n-p---na-	a-p---na-	
0085-004	271-278	40	δαΐων	lemma	δάϊος	δάιος	
0085-004	271-278	41	δ’	postag	b--------	g--------	
0085-004	271-278	42	ἐσθήματα	relation	OBJ	OBJ_AP	
0085-004	271-278	42	ἐσθήματα	head	44	43	
0085-004	271-278	43	,	relation	AuxX	APOS	
0085-004	271-278	43	,	head	0	44	
0085-004	271-278	45	λάφυρα	relation	APOS	OBJ_AP	
0085-004	271-278	45	λάφυρα	head	42	43	
0085-004	279	5	πολεμίων	lemma	πολέμιος	πολεμέω	
0085-004	279	5	πολεμίων	postag	a-p---mg-	v-sppamn-	
0085-004	279	6	δ’	postag	b--------	g--------	
0085-004	279	9	[0]	lemma	_	/	
0085-004	280-281	1	?	relation	AuxK	UNDEFINED	
0085-004	280-281	2	]	relation	AuxG	UNDEFINED	
0085-004	280-281	3	τοιαῦτ’	postag	p-p---na-	a-p---na-	
0085-004	280-281	5	μὴ	postag	d--------	c--------	
0085-004	280-281	9	μη	postag	d--------	g--------	
0085-004	280-281	10	δ’	postag	b--------	g--------	
0085-004	280-281	16	[0]	lemma	_	/	
0085-004	282	2	γάρ	postag	d--------	g--------	
0085-004	282	3	τι	relation	ADV	AuxZ	
0085-004	282	4	μᾶλλον	lemma	μάλα	μᾶλλον	
0085-004	282	4	μᾶλλον	postag	d-------c	d--------	
0085-004	282	5	μὴ	postag	d--------	c--------	
0085-004	282	5	μὴ	relation	AuxZ	AuxY	
0085-004	282	7	τὸ	postag	l-s---na-	p-s---na-	
0085-004	283-287	1	ἐγὼ	postag	p1s---cn-	p-s---mn-	
0085-004	283-287	2	δέ	postag	d--------	g--------	
0085-004	283-287	3	γ’	postag	d--------	g--------	
0085-004	283-287	6	ἐμοὶ	postag	p1s---cd-	p-s---md-	
0085-004	283-287	8	ἑβδόμῳ	relation	ADV	ATV	
0085-004	283-287	9	ἀντηρέτας	relation	ADV	ATV	
0085-004	283-287	15	ἑπτατειχεῖς	postag	a-p---fa-	a-p---ma-	
0085-004	283-287	16	ἐξόδους	postag	n-p---fa-	a-p---fa-	
0085-004	283-287	20	πρὶν	postag	c--------	d--------	
0085-004	283-287	23	τε	postag	b--------	g--------	
0085-004	283-287	24	καὶ	postag	b--------	c--------	
0085-004	283-287	27	ἱκέσθαι	postag	v--anm---	v--an----	
0085-004	283-287	28	καὶ	postag	b--------	c--------	
0085-004	288	4	δ’	postag	b--------	g--------	
0085-004	288	7	κέαρ	lemma	κέαρ	κῆρ	
0085-004	289-294	1	γείτονες	postag	a-p---fn-	n-p---fn-	
0085-004	289-294	2	δὲ	postag	d--------	g--------	
0085-004	289-294	2	δὲ	relation	AuxY	COORD	
0085-004	289-294	2	δὲ	head	5	0	
0085-004	289-294	5	ζωπυροῦσι	relation	PRED	PRED_CO	
0085-004	289-294	5	ζωπυροῦσι	head	0	2	
0085-004	289-294	12	ὥς	postag	c--------	d--------	
0085-004	289-294	13	τις	postag	p-s---cn-	p-s---fn-	
0085-004	295-297	1	τοὶ	postag	l-p---mn-	p-p---mn-	
0085-004	295-297	2	μὲν	postag	d--------	g--------	
0085-004	295-297	3	γὰρ	postag	d--------	g--------	
0085-004	297	2	γένωμαι	postag	v1sasm---	v1sas----	
0085-004	298-300	1	τοὶ	postag	l-p---mn-	p-p---mn-	
0085-004	298-300	2	δ’	postag	d--------	g--------	
0085-004	301-303	4	διογενεῖς	form	διογενεῖς	Διογενεῖς	
0085-004	301-303	8	καὶ	postag	b--------	c--------	
0085-004	301-303	10	Καδμογενῆ	relation	ATR	COORD	
0085-004	301-303	10	Καδμογενῆ	head	9	8	
0085-004		4	γαίας	lemma	γῆ	γαῖα	
0085-004		28	παῖδες	postag	n-p---cn-	n-p---mn-	
0085-004	312-317	8	τοῖσι	postag	l-p---md-	p-p---md-	
0085-004	312-317	9	μὲν	postag	d--------	g--------	
0085-004	312-317	10	ἔξω	postag	r--------	d--------	
0085-004	312-317	13	κῆρα	relation	OBJ	OBJ_AP	
0085-004	312-317	13	κῆρα	head	18	14	
0085-004	312-317	14	,	relation	AuxX	APOS	
0085-004	312-317	14	,	head	0	18	
0085-004	312-317	16	ἄταν	relation	APOS	OBJ_AP	
0085-004	312-317	16	ἄταν	head	13	14	
0085-004	312-317	17	,	head	13	14	
0085-004	318-320	1	καὶ	postag	d--------	c--------	
0085-004	318-320	5	εὔεδροί	relation	ADV	AtvV	
0085-004	318-320	6	τε	postag	b--------	g--------	
0085-004	329-331	1	βοᾷ	relation	PRED	PRED_CO	
0085-004	329-331	1	βοᾷ	head	0	2	
0085-004	329-331	2	δ’	postag	d--------	g--------	
0085-004	329-331	2	δ’	relation	AuxY	COORD	
0085-004	329-331	2	δ’	head	1	0	
0085-004	332	2	τοι	postag	d--------	g--------	
0085-004	332	2	τοι	relation	AuxY	AuxZ	
0085-004	333-335	2	δ’	postag	d--------	g--------	
0085-004	333-335	6	προπάροιθεν	lemma	προπάροιθε	προπάροιθεν	
0085-004	333-335	12	[0]	lemma	_	/	
0085-004	336	3	[0]	lemma	_	/	
0085-004	336-337	3	γὰρ	postag	d--------	g--------	
0085-004	338-339	2	γάρ	postag	d--------	g--------	
0085-004	338-339	4	εὖτε	relation	AuxC	AuxP	
0085-004	338-339	8	ἒ	relation	ExD	AuxY	
0085-004	338-339	8	ἒ	head	13	9	
0085-004	338-339	9	ἔ	relation	ExD	AuxY	
0085-004	338-339	12	τε	postag	b--------	g--------	
0085-004	341-342	2	[δὲ]	postag	d--------	g--------	
0085-004	341-342	2	[δὲ]	relation	AuxY	UNDEFINED	
0085-004	341-342	2	[δὲ]	head	3	0	
0085-004	343-344	2	δ’	postag	d--------	g--------	
0085-004	343-344	2	δ’	relation	AuxY	COORD	
0085-004	343-344	2	δ’	head	3	0	
0085-004	343-344	3	ἐπιπνεῖ	relation	PRED	PRED_CO	
0085-004	343-344	3	ἐπιπνεῖ	head	0	2	
0085-004	345-347	2	δ’	postag	d--------	g--------	
0085-004	345-347	6	προτὶ	relation	AuxP	ADV	
0085-004	345-347	7	[πτόλιν]	relation	ADV	UNDEFINED	
0085-004	345-347	7	[πτόλιν]	head	6	0	
0085-004	345-347	8	δ’	postag	b--------	g--------	
0085-004	345-347	12	[0]	lemma	_	/	
0085-004	345-347	13	[1]	lemma	_	/	
0085-004	347-348	3	δ’	postag	b--------	g--------	
0085-004	347-348	3	δ’	relation	AuxY	COORD	
0085-004	347-348	3	δ’	head	7	0	
0085-004	347-348	7	κλίνεται	relation	PRED	PRED_CO	
0085-004	347-348	7	κλίνεται	head	0	3	
0085-004	349-350	2	δ’	postag	d--------	g--------	
0085-004	349-350	2	δ’	relation	AuxY	COORD	
0085-004	349-350	2	δ’	head	7	0	
0085-004	349-350	7	βρέμονται	relation	PRED	PRED_CO	
0085-004	349-350	7	βρέμονται	head	0	2	
0085-004	351	2	δὲ	postag	d--------	g--------	
0085-004	351	2	δὲ	relation	AuxY	COORD	
0085-004	351	2	δὲ	head	6	0	
0085-004	351	4	ὁμαίμονες	postag	a-p---mn-	n-p---mn-	
0085-004	351	6	[0]	lemma	_	/	
0085-004	351	6	[0]	relation	PRED	PRED_CO	
0085-004	351	6	[0]	head	0	2	
0085-004	352-355	5	καὶ	postag	b--------	c--------	
0085-004	352-355	15	τε	postag	b--------	g--------	
0085-004	352-355	17	οὔ	lemma	οὔτε	οὔτι	
0085-004	352-355	18	τ’	postag	b--------	g--------	
0085-004	356	5	πάρα	lemma	πάρειμι	παρά	
0085-004	356	5	πάρα	postag	v3ppia---	r--------	
0085-004	357-358	2	δὲ	postag	d--------	g--------	
0085-004	357-358	5	πεσὼν	relation	ADV	AtvV	
0085-004	358-359	2	δ’	postag	d--------	g--------	
0085-004	358-359	2	δ’	relation	AuxY	COORD	
0085-004	358-359	2	δ’	head	6	0	
0085-004	358-359	6	[0]	lemma	_	/	
0085-004	358-359	6	[0]	relation	PRED	PRED_CO	
0085-004	358-359	6	[0]	head	0	2	
0085-004	360-362	2	δ’	postag	d--------	g--------	
0085-004	360-362	2	δ’	relation	AuxY	COORD	
0085-004	360-362	2	δ’	head	9	0	
0085-004	360-362	9	φορεῖται	relation	PRED	PRED_CO	
0085-004	360-362	9	φορεῖται	head	0	2	
0085-004	363	1	δμωίδες	lemma	δμῳίς	δμωΐς	
0085-004	363	2	δὲ	postag	d--------	g--------	
0085-004	363	2	δὲ	relation	AuxY	COORD	
0085-004	363	2	δὲ	head	6	0	
0085-004	363	6	[0]	lemma	_	/	
0085-004	363	6	[0]	relation	PRED	PRED_CO	
0085-004	363	6	[0]	head	0	2	
0085-004	364-368	1	τλάμον’	postag	a-s---fa-	n-s---fa-	
0085-004	364-368	2	εὐνὰν	relation	SBJ	SBJ_AP	
0085-004	364-368	2	εὐνὰν	head	13	14	
0085-004	364-368	6	ὣς	postag	c--------	d--------	
0085-004	364-368	12	τέλος	relation	APOS	SBJ_AP	
0085-004	364-368	12	τέλος	head	2	14	
0085-004	364-368	14	,	relation	AuxX	APOS	
0085-004	364-368	14	,	head	0	13	
0085-004	364-368	17	ἐπίρροθον	relation	APOS	SBJ_AP	
0085-004	364-368	17	ἐπίρροθον	head	2	14	
0085-004	364-368	19	[0]	lemma	_	/	
0085-004	364-368	20	[1]	lemma	_	/	
0085-004	369-371	2	τοι	postag	d--------	g--------	
0085-004	369-371	5	ὡς	postag	c--------	d--------	
0085-004	369-371	6	ἐμοὶ	postag	p1s---cd-	p-s---md-	
0085-004	369-371	11	τιν’	postag	p-s---ca-	p-s---fa-	
0085-004	369-371	12	ἡμῖν	postag	p1p---cd-	p-p---md-	
0085-004		1	καὶ	postag	d--------	c--------	
0085-004	374	2	δὲ	postag	d--------	g--------	
0085-004	374	2	δὲ	relation	AuxY	COORD	
0085-004	374	2	δὲ	head	6	0	
0085-004	374	3	καὶ	postag	d--------	c--------	
0085-004	374	6	ἀπαρτίζει	relation	PRED	PRED_CO	
0085-004	374	6	ἀπαρτίζει	head	0	2	
0085-004	375-376	2	ἂν	postag	d--------	g--------	
0085-004	375-376	5	τὰ	postag	l-p---na-	p-p---na-	
0085-004	375-376	10	τ’	postag	b--------	g--------	
0085-004	377-379	2	μὲν	postag	d--------	g--------	
0085-004	377-379	10	δ’	postag	b--------	g--------	
0085-004	377-379	14	περᾶν	postag	v--pna---	v--fna---	
0085-004	379	2	γὰρ	postag	d--------	g--------	
0085-004	380-381	2	δὲ	postag	d--------	g--------	
0085-004	380-381	4	καὶ	postag	b--------	c--------	
0085-004	380-381	9	ὡς	postag	c--------	d--------	
0085-004	380-381	13	[0]	lemma	_	/	
0085-004	382-383	1	θείνει	relation	PRED	PRED_CO	
0085-004	382-383	1	θείνει	head	0	2	
0085-004	382-383	2	δ’	postag	d--------	g--------	
0085-004	382-383	2	δ’	relation	AuxY	COORD	
0085-004	382-383	2	δ’	head	1	0	
0085-004	382-383	10	τε	postag	b--------	g--------	
0085-004	382-383	11	καὶ	postag	b--------	c--------	
0085-004	384-386	1	τοιαῦτ’	postag	p-p---na-	a-p---na-	
0085-004	384-386	3	τρεῖς	postag	m-p---ca-	m--------	
0085-004	384-386	5	λόφους	relation	OBJ	OBJ_AP	
0085-004	384-386	5	λόφους	head	6	7	
0085-004	384-386	7	,	relation	AuxX	APOS	
0085-004	384-386	7	,	head	0	6	
0085-004	384-386	9	χαίτωμ’	relation	APOS	OBJ_AP	
0085-004	384-386	9	χαίτωμ’	head	5	7	
0085-004	384-386	13	δ’	postag	b--------	g--------	
0085-004	387-388	1	ἔχει	relation	PRED	PRED_CO	
0085-004	387-388	1	ἔχει	head	0	2	
0085-004	387-388	2	δ’	postag	d--------	g--------	
0085-004	387-388	2	δ’	relation	AuxY	COORD	
0085-004	387-388	2	δ’	head	1	0	
0085-004	387-388	3	ὑπέρφρον	lemma	ὑπέρφρων	ὑπέφρων	
0085-004	387-388	4	σῆμ’	relation	OBJ	OBJ_AP	
0085-004	387-388	4	σῆμ’	head	1	8	
0085-004	387-388	8	,	relation	AuxX	APOS	
0085-004	387-388	8	,	head	0	1	
0085-004	387-388	12	οὐρανὸν	relation	APOS	OBJ_AP	
0085-004	387-388	12	οὐρανὸν	head	4	8	
0085-004	389-390	1	λαμπρὰ	relation	ADV	ATV	
0085-004	389-390	2	δὲ	postag	d--------	g--------	
0085-004	389-390	2	δὲ	relation	AuxY	COORD	
0085-004	389-390	2	δὲ	head	14	0	
0085-004	389-390	3	πανσέληνος	relation	SBJ	SBJ_AP	
0085-004	389-390	3	πανσέληνος	head	14	10	
0085-004	389-390	7	,	head	3	10	
0085-004	389-390	8	πρέσβιστον	relation	APOS	SBJ_AP	
0085-004	389-390	8	πρέσβιστον	head	3	10	
0085-004	389-390	10	,	relation	AuxX	APOS	
0085-004	389-390	10	,	head	0	14	
0085-004	389-390	12	ὀφθαλμός	relation	APOS	SBJ_AP	
0085-004	389-390	12	ὀφθαλμός	head	3	10	
0085-004	389-390	13	,	head	3	10	
0085-004	389-390	14	πρέπει	relation	PRED	PRED_CO	
0085-004	389-390	14	πρέπει	head	0	2	
0085-004	391-394	1	τοιαῦτ’	postag	p-p---na-	a-p---na-	
0085-004	391-394	16	ὣς	postag	c--------	d--------	
0085-004	391-394	26	[0]	lemma	_	/	
0085-004	395	1	τίν’	postag	p-s---ca-	p-s---ma-	
0085-004	395-396	1	τίς	postag	p-s---cn-	p-s---mn-	
0085-004	395-396	9	[0]	lemma	_	/	
0085-004	397-398	2	μὲν	postag	d--------	g--------	
0085-004	397-398	5	ἂν	postag	d--------	g--------	
0085-004	397-398	7	ἐγώ	postag	p1s---cn-	p-s---mn-	
0085-004	397-398	9	οὐ	postag	d--------	g--------	
0085-004	397-398	10	δ’	postag	b--------	g--------	
0085-004	399	2	δὲ	postag	d--------	g--------	
0085-004	399	4	τ’	postag	b--------	g--------	
0085-004	400-402	1	καὶ	postag	d--------	c--------	
0085-004	400-402	1	καὶ	relation	AuxY	COORD	
0085-004	400-402	1	καὶ	head	12	0	
0085-004	400-402	3	ταύτην	postag	p-s---fa-	a-s---fa-	
0085-004	400-402	9	μαρμαίρουσαν	relation	ADV	ATV	
0085-004	400-402	12	,	head	0	1	
0085-004	400-402	14	ἂν	postag	d--------	g--------	
0085-004	400-402	15	γένοιτο	postag	v3saom---	v3sao----	
0085-004	400-402	19	τινί	postag	p-s---cd-	p-s---md-	
0085-004	400-402	21	[0]	lemma	_	/	
0085-004	403-406	2	γὰρ	postag	d--------	g--------	
0085-004	403-406	3	θανόντι	lemma	θνῄσκω	θνήσκω	
0085-004	403-406	9	τῷ	lemma	ὁ	τῷ	
0085-004	403-406	9	τῷ	postag	l-s---md-	d--------	
0085-004	403-406	10	τοι	postag	d--------	g--------	
0085-004	403-406	11	φέροντι	postag	v-sppamd-	v3ppia---	
0085-004	403-406	15	γένοιτ’	postag	v3saom---	v3sao----	
0085-004	403-406	16	ἂν	postag	d--------	g--------	
0085-004	403-406	19	τ’	postag	b--------	g--------	
0085-004	403-406	22	καὐτὸς	lemma	καί	αὐτός	
0085-004	403-406	22	καὐτὸς	postag	b--------	a-s---mn-	
0085-004	403-406	24	αὑτοῦ	postag	p-s---mg-	a-s---mg-	
0085-004	403-406	27	μαντεύσεται	postag	v3sfim---	v3sfie---	
0085-004	407-410	1	ἐγὼ	postag	p1s---cn-	p-s---mn-	
0085-004	407-410	2	δὲ	postag	d--------	g--------	
0085-004	407-410	5	ἀστακοῦ	form	ἀστακοῦ	Ἀστακοῦ	
0085-004	407-410	9	προστάτην	relation	ADV	ATV	
0085-004	407-410	14	τε	postag	b--------	g--------	
0085-004	407-410	15	καὶ	postag	b--------	c--------	
0085-004	407-410	17	αἰσχύνης	form	αἰσχύνης	Αἰσχύνης	
0085-004	407-410	20	καὶ	postag	b--------	c--------	
0085-004	407-410	22	ὑπέρφρονας	postag	a-p---ma-	n-p---ma-	
0085-004	411	2	γὰρ	postag	d--------	g--------	
0085-004	411	5	μὴ	postag	d--------	c--------	
0085-004	411	7	δ’	postag	b--------	g--------	
0085-004	411	11	[0]	lemma	_	/	
0085-004	412-414	2	δ’	postag	d--------	g--------	
0085-004	412-414	13	κάρτα	relation	ADV	AuxZ	
0085-004	412-414	14	δ’	postag	b--------	g--------	
0085-004	414	2	δ’	postag	d--------	g--------	
0085-004	415-416	1	δίκη	form	δίκη	Δίκη	
0085-004	415-416	2	δ’	postag	d--------	g--------	
0085-004	415-416	2	δ’	relation	AuxY	COORD	
0085-004	415-416	2	δ’	head	6	0	
0085-004	415-416	4	κάρτα	relation	ADV	AuxZ	
0085-004	415-416	6	προστέλλεται	relation	PRED	PRED_CO	
0085-004	415-416	6	προστέλλεται	head	0	2	
0085-004	417-419	3	νυν	lemma	νυν	νῦν	
0085-004	417-419	12	πρόμαχος	relation	ADV	AtvV	
0085-004	422	1	τούτῳ	postag	p-s---md-	a-s---md-	
0085-004	422	2	μὲν	postag	d--------	g--------	
0085-004	423-426	2	δ’	postag	d--------	g--------	
0085-004	423-426	4	Ἠλέκτραισιν	lemma	Ἠλέκτρα	Ἠλέκτραι	
0085-004	423-426	10	ἄλλος	postag	p-s---mn-	a-s---mn-	
0085-004	423-426	18	δ’	postag	b--------	g--------	
0085-004	423-426	25	δ’	postag	b--------	g--------	
0085-004	423-426	30	μὴ	postag	d--------	c--------	
0085-004	423-426	30	μὴ	relation	AuxZ	AuxY	
0085-004	423-426	34	[0]	lemma	_	/	
0085-004	427-429	2	τε	postag	b--------	g--------	
0085-004	427-429	3	γὰρ	postag	d--------	g--------	
0085-004	427-429	3	γὰρ	head	5	13	
0085-004	427-429	5	ἐκπέρσειν	relation	OBJ	OBJ_CO	
0085-004	427-429	5	ἐκπέρσειν	head	10	13	
0085-004	427-429	7	καὶ	postag	b--------	c--------	
0085-004	427-429	8	μὴ	postag	d--------	c--------	
0085-004	427-429	11	,	head	5	13	
0085-004	427-429	12	οὐ	postag	d--------	g--------	
0085-004	427-429	13	δὲ	postag	b--------	g--------	
0085-004	427-429	13	δὲ	relation	AuxY	COORD	
0085-004	427-429	13	δὲ	head	5	10	
0085-004	427-429	20	σχεθεῖν	lemma	ἔχω	σχεθεῖν	
0085-004	427-429	20	σχεθεῖν	head	5	13	
0085-004	430-431	2	δ’	postag	d--------	g--------	
0085-004	430-431	2	δ’	relation	AuxY	COORD	
0085-004	430-431	2	δ’	head	10	0	
0085-004	430-431	4	τε	postag	b--------	g--------	
0085-004	430-431	5	καὶ	postag	b--------	c--------	
0085-004	430-431	10	προσῄκασεν	relation	PRED	PRED_CO	
0085-004	430-431	10	προσῄκασεν	head	0	2	
0085-004	432-433	2	δὲ	postag	d--------	g--------	
0085-004	432-433	3	σῆμα	relation	ADV	ATV	
0085-004	432-433	9	δὲ	postag	b--------	g--------	
0085-004	434	2	δὲ	postag	d--------	g--------	
0085-004	434	2	δὲ	relation	AuxY	COORD	
0085-004	434	2	δὲ	head	3	0	
0085-004	434	3	φωνεῖ	relation	PRED	PRED_CO	
0085-004	434	3	φωνεῖ	head	0	2	
0085-004	435-436	5	τίς	postag	p-s---cn-	p-s---mn-	
0085-004	435-436	8	τίς	postag	p-s---cn-	p-s---mn-	
0085-004	435-436	11	μὴ	postag	d--------	c--------	
0085-004	437	1	καὶ	postag	d--------	c--------	
0085-004	437	5	ἄλλο	postag	p-s---nn-	a-s---nn-	
0085-004	438-439	2	τοι	postag	d--------	g--------	
0085-004	440-443	2	δ’	postag	d--------	g--------	
0085-004	444-446	2	δ’	postag	d--------	g--------	
0085-004	444-446	3	αὐτῷ	postag	p-s---md-	a-s---md-	
0085-004	444-446	11	οὐδὲν	postag	p-s---na-	a-s---na-	
0085-004	447-450	1	ἀνὴρ	relation	SBJ	SBJ_AP	
0085-004	447-450	1	ἀνὴρ	head	12	17	
0085-004	447-450	2	δ’	postag	d--------	g--------	
0085-004	447-450	4	αὐτῷ	postag	p-s---md-	a-s---md-	
0085-004	447-450	9	ἄγαν	relation	ADV	AuxZ	
0085-004	447-450	14	,	head	1	17	
0085-004	447-450	16	βία	relation	APOS	SBJ_AP	
0085-004	447-450	16	βία	head	1	17	
0085-004	447-450	17	,	relation	AuxX	APOS	
0085-004	447-450	17	,	head	0	12	
0085-004	447-450	19	φρούρημα	relation	APOS	SBJ_AP	
0085-004	447-450	19	φρούρημα	head	1	17	
0085-004	447-450	25	τ’	postag	b--------	g--------	
0085-004	447-450	26	ἄλλοις	postag	p-p---md-	a-p---md-	
0085-004	451	2	ἄλλον	postag	p-s---ma-	a-s---ma-	
0085-004	451	3	ἄλλαις	postag	p-p---fd-	a-p---fd-	
0085-004	452-456	8	δέ	postag	b--------	g--------	
0085-004	452-456	11	ἐπισχέθοι	lemma	ἐπέχω	ἐπισχεθεῖν	
0085-004	452-456	13	πρὶν	postag	c--------	d--------	
0085-004	452-456	19	θ’	postag	b--------	g--------	
0085-004	452-456	23	ποτ’	postag	d--------	g--------	
0085-004	457-458	1	καὶ	postag	d--------	c--------	
0085-004	457-458	2	μὴν	postag	d--------	g--------	
0085-004	457-458	2	μὴν	head	8	1	
0085-004	461-462	2	δ’	postag	d--------	g--------	
0085-004	461-462	2	δ’	relation	AuxY	COORD	
0085-004	461-462	2	δ’	head	6	0	
0085-004	461-462	6	δινεῖ	relation	PRED	PRED_CO	
0085-004	461-462	6	δινεῖ	head	0	2	
0085-004	463-464	2	δὲ	postag	d--------	g--------	
0085-004	463-464	2	δὲ	relation	AuxY	COORD	
0085-004	463-464	2	δὲ	head	3	0	
0085-004	463-464	3	συρίζουσι	relation	PRED	PRED_CO	
0085-004	463-464	3	συρίζουσι	head	0	2	
0085-004	465	1	ἐσχημάτισται	relation	PRED	PRED_CO	
0085-004	465	1	ἐσχημάτισται	head	0	2	
0085-004	465	2	δ’	postag	d--------	g--------	
0085-004	465	2	δ’	relation	AuxY	COORD	
0085-004	465	2	δ’	head	1	0	
0085-004	465	5	σμικρὸν	lemma	μικρός	σμικρός	
0085-004	468-469	1	βοᾷ	relation	PRED	PRED_CO	
0085-004	468-469	1	βοᾷ	head	0	2	
0085-004	468-469	2	δὲ	postag	d--------	g--------	
0085-004	468-469	2	δὲ	relation	AuxY	COORD	
0085-004	468-469	2	δὲ	head	1	0	
0085-004	468-469	3	χοὖτος	postag	p-s---mn-	a-s---mn-	
0085-004	468-469	9	οὐ	postag	d--------	g--------	
0085-004	468-469	10	δ’	postag	b--------	g--------	
0085-004	468-469	10	δ’	relation	AuxY	AuxZ	
0085-004	468-469	11	ἂν	postag	d--------	g--------	
0085-004	468-469	13	σφ’	postag	p3s---ca-	p-----ma-	
0085-004	470-471	1	καὶ	postag	d--------	c--------	
0085-004	472	2	ἂν	postag	d--------	g--------	
0085-004	472	8	δέ	postag	b--------	g--------	
0085-004	472	9	τῳ	postag	p-s---cd-	p-s---fd-	
0085-004	472	11	[0]	lemma	_	/	
0085-004	473-479	1	καὶ	postag	d--------	c--------	
0085-004	473-479	2	δὴ	postag	d--------	g--------	
0085-004	473-479	2	δὴ	relation	AuxY	AuxZ	
0085-004	473-479	2	δὴ	head	3	1	
0085-004	473-479	8	,	head	3	10	
0085-004	473-479	9	Μεγαρεύς	relation	SBJ	SBJ_AP	
0085-004	473-479	9	Μεγαρεύς	head	3	10	
0085-004	473-479	10	,	relation	AuxX	APOS	
0085-004	473-479	10	,	head	0	3	
0085-004	473-479	12	σπέρμα	relation	APOS	SBJ_AP	
0085-004	473-479	12	σπέρμα	head	9	10	
0085-004	473-479	16	,	head	9	10	
0085-004	473-479	18	οὔτι	postag	p-s---nn-	a-s---nn-	
0085-004	473-479	28	ἀλλ’	postag	b--------	d--------	
0085-004	473-479	29	ἢ	postag	b--------	c--------	
0085-004	473-479	30	θανὼν	lemma	θνῄσκω	θνήσκω	
0085-004	473-479	35	ἢ	postag	b--------	c--------	
0085-004	473-479	36	καὶ	postag	b--------	c--------	
0085-004	473-479	39	καὶ	postag	b--------	c--------	
0085-004	480	3	ἄλλῳ	postag	p-s---md-	a-s---md-	
0085-004	480	5	μη	postag	d--------	g--------	
0085-004	480	6	δέ	postag	b--------	g--------	
0085-004	480	7	μοι	postag	p1s---cd-	p-s---md-	
0085-004	480	9	λέγων	relation	ADV	AtvV	
0085-004	481-482	3	μὲν	postag	d--------	g--------	
0085-004	481-482	11	τοῖσι	postag	l-p---md-	p-p---md-	
0085-004	481-482	12	δὲ	postag	b--------	g--------	
0085-004	481-482	15	[0]	lemma	_	/	
0085-004	483-485	2	δ’	postag	d--------	g--------	
0085-004	483-485	14	ἐπίδοι	lemma	ἐφοράω	ἐπεῖδον	
0085-004	486-488	1	τέταρτος	relation	ADV	ATV	
0085-004	486-488	2	ἄλλος	postag	p-s---mn-	a-s---mn-	
0085-004	486-488	2	ἄλλος	relation	SBJ	SBJ_AP	
0085-004	486-488	2	ἄλλος	head	12	13	
0085-004	486-488	4	γείτονας	postag	a-p---fa-	n-p---fa-	
0085-004	486-488	13	,	relation	AuxX	APOS	
0085-004	486-488	13	,	head	0	12	
0085-004	486-488	15	σχῆμα	relation	APOS_CO	SBJ_AP_CO	
0085-004	486-488	16	καὶ	postag	b--------	c--------	
0085-004	486-488	16	καὶ	head	2	13	
0085-004	486-488	18	τύπος	relation	APOS_CO	SBJ_AP_CO	
0085-004	489-490	2	δὲ	postag	d--------	g--------	
0085-004	489-490	2	δὲ	relation	AuxY	COORD	
0085-004	489-490	2	δὲ	head	9	0	
0085-004	489-490	7	λέγω	relation	ExD	PRED_PA	
0085-004	489-490	9	ἔφριξα	relation	PRED	PRED_CO	
0085-004	489-490	9	ἔφριξα	head	0	2	
0085-004	490	2	ἄλλως	lemma	ἄλλος	ἄλλως	
0085-004	490	3	ἐρῶ	lemma	λέγω	ἐρῶ	
0085-004	491-494	3	δ’	postag	b--------	g--------	
0085-004	491-494	3	δ’	relation	AuxY	COORD	
0085-004	491-494	3	δ’	head	8	0	
0085-004	491-494	5	τις	postag	p-s---cn-	p-s---mn-	
0085-004	491-494	7	ἄρ’	postag	d--------	g--------	
0085-004	491-494	8	ἦν	relation	PRED	PRED_CO	
0085-004	491-494	8	ἦν	head	0	3	
0085-004	491-494	11	ἔργον	relation	OBJ	OBJ_AP	
0085-004	491-494	11	ἔργον	head	12	15	
0085-004	491-494	15	,	relation	AuxX	APOS	
0085-004	491-494	15	,	head	0	12	
0085-004	491-494	16	Τυφῶν’	relation	APOS	OBJ_AP	
0085-004	491-494	16	Τυφῶν’	head	11	15	
0085-004	491-494	21	λιγνὺν	relation	OBJ	OBJ_AP	
0085-004	491-494	21	λιγνὺν	head	17	23	
0085-004	491-494	23	,	relation	AuxX	APOS	
0085-004	491-494	23	,	head	0	17	
0085-004	491-494	26	κάσιν	relation	APOS	OBJ_AP	
0085-004	491-494	26	κάσιν	head	21	23	
0085-004	495-496	2	δὲ	postag	d--------	g--------	
0085-004	495-496	2	δὲ	relation	AuxY	COORD	
0085-004	495-496	2	δὲ	head	6	0	
0085-004	495-496	6	προσηδάφισται	relation	PRED	PRED_CO	
0085-004	495-496	6	προσηδάφισται	head	0	2	
0085-004	497-498	1	αὐτὸς	postag	p-s---mn-	a-s---mn-	
0085-004	497-498	1	αὐτὸς	relation	ADV	AtvV	
0085-004	497-498	2	δ’	postag	d--------	g--------	
0085-004	497-498	5	ἔνθεος	relation	ADV	AtvV	
0085-004	497-498	6	δ’	postag	b--------	g--------	
0085-004	497-498	8	βακχᾷ	lemma	Βακχάω	βακχάω	
0085-004	497-498	11	θυιὰς	form	θυιὰς	Θυιὰς	
0085-004	497-498	12	ὣς	postag	c--------	d--------	
0085-004	497-498	16	[0]	lemma	_	/	
0085-004	499	5	φυλακτέον	lemma	φυλάσσω	φυλακτέος	
0085-004	499	5	φυλακτέον	postag	v-s-g-nn-	a-s---nn-	
0085-004	499	7	[0]	lemma	_	/	
0085-004	500	1	φόβος	form	φόβος	Φόβος	
0085-004	500	2	γὰρ	postag	d--------	g--------	
0085-004	501-503	1	πρῶτον	relation	ADV	AuxY	
0085-004	501-503	2	μὲν	postag	d--------	g--------	
0085-004	501-503	2	μὲν	relation	AuxY	AuxZ	
0085-004	501-503	18	ὣς	postag	c--------	d--------	
0085-004	501-503	22	[0]	lemma	_	/	
0085-004	501-503	23	[1]	lemma	_	/	
0085-004	504-508	1	Ὑπέρβιος	relation	SBJ	SBJ_AP	
0085-004	504-508	1	Ὑπέρβιος	head	12	3	
0085-004	504-508	2	δέ	postag	d--------	g--------	
0085-004	504-508	3	,	relation	AuxX	APOS	
0085-004	504-508	3	,	head	0	12	
0085-004	504-508	6	τόκος	relation	APOS	SBJ_AP	
0085-004	504-508	6	τόκος	head	1	3	
0085-004	504-508	7	,	head	1	3	
0085-004	504-508	8	ἀνὴρ	relation	ADV	ATV	
0085-004	504-508	8	ἀνὴρ	head	1	3	
0085-004	504-508	11	τοῦτον	postag	p-s---ma-	a-s---ma-	
0085-004	504-508	20	,	head	1	3	
0085-004	504-508	21	οὔ	lemma	οὔτε	οὔτι	
0085-004	504-508	22	τ’	postag	b--------	g--------	
0085-004	504-508	25	τε	postag	b--------	g--------	
0085-004	504-508	27	οὐ	postag	d--------	g--------	
0085-004	504-508	28	δ’	postag	b--------	g--------	
0085-004	504-508	34	δ’	postag	b--------	g--------	
0085-004	509-511	2	γὰρ	postag	d--------	g--------	
0085-004	509-511	9	δὲ	postag	b--------	g--------	
0085-004	509-511	15	[0]	lemma	_	/	
0085-004	511-513	1	ὁ	postag	l-s---mn-	p-s---mn-	
0085-004	511-513	2	μὲν	postag	d--------	g--------	
0085-004	511-513	3	γὰρ	postag	d--------	g--------	
0085-004	511-513	9	δὲ	postag	b--------	g--------	
0085-004	511-513	14	σταδαῖος	relation	ADV	ATV	
0085-004	514	2	τις	postag	p-s---cn-	p-s---mn-	
0085-004	514	3	εἶδε	lemma	ὁράω	εἶδον	
0085-004	514	5	που	lemma	που	πού	
0085-004	514	6	νικώμενον	relation	ADV	ATV	
0085-004	515	2	μέντοι	postag	d--------	g--------	
0085-004	515	2	μέντοι	relation	AuxY	AuxZ	
0085-004	515	6	[0]	lemma	_	/	
0085-004	516-517	4	δ’	postag	b--------	g--------	
0085-004	516-517	7	οἱ	postag	l-p---mn-	p-p---mn-	
0085-004	516-517	8	δ’	postag	b--------	g--------	
0085-004	516-517	13	γε	postag	d--------	g--------	
0085-004	516-517	18	[0]	lemma	_	/	
0085-004	516-517	19	[1]	lemma	_	/	
0085-004	519-520	1	εἰκὸς	lemma	εἰκός	ἔοικα	
0085-004	519-520	2	δὲ	postag	d--------	g--------	
0085-004	519-520	9	τε	postag	b--------	g--------	
0085-004	519-520	15	γένοιτ’	postag	v3saom---	v3sao----	
0085-004	519-520	16	ἂν	postag	d--------	g--------	
0085-004	519-520	22	[0]	lemma	_	/	
0085-004	521-525	2	δὴ	postag	d--------	g--------	
0085-004	521-525	12	δέμας	relation	OBJ	OBJ_AP	
0085-004	521-525	12	δέμας	head	6	14	
0085-004	521-525	14	,	relation	AuxX	APOS	
0085-004	521-525	14	,	head	0	6	
0085-004	521-525	16	εἴκασμα	relation	APOS	OBJ_AP	
0085-004	521-525	16	εἴκασμα	head	12	14	
0085-004	521-525	18	τε	postag	b--------	g--------	
0085-004	521-525	19	καὶ	postag	b--------	c--------	
0085-004	521-525	22	,	head	12	14	
0085-004	521-525	23	πρόσθε	postag	r--------	d--------	
0085-004	526	2	γένοιτο	postag	v3saom---	v3sao----	
0085-004	526-528	2	δὲ	postag	d--------	g--------	
0085-004	526-528	4	αὖ	relation	ADV	AuxY	
0085-004	526-528	8	προσταχθέντα	lemma	προστάσσω	προσστάζω	
0085-004	526-528	14	αὐτὸν	postag	p-s---ma-	a-s---ma-	
0085-004	526-528	15	διογενοῦς	form	διογενοῦς	Διογενοῦς	
0085-004	529-532	1	ὄμνυσι	relation	PRED	PRED_CO	
0085-004	529-532	1	ὄμνυσι	head	0	2	
0085-004	529-532	2	δ’	postag	d--------	g--------	
0085-004	529-532	2	δ’	relation	AuxY	COORD	
0085-004	529-532	2	δ’	head	1	0	
0085-004	529-532	6	μᾶλλον	lemma	μάλα	μᾶλλον	
0085-004	529-532	6	μᾶλλον	postag	d-------c	d--------	
0085-004	529-532	6	μᾶλλον	relation	ADV	ADV_CO	
0085-004	529-532	6	μᾶλλον	head	8	11	
0085-004	529-532	11	θ’	postag	b--------	g--------	
0085-004	529-532	11	θ’	relation	AuxY	COORD	
0085-004	529-532	11	θ’	head	6	8	
0085-004	529-532	12	ὑπέρτερον	postag	a-s---mac	a-s---ma-	
0085-004	529-532	12	ὑπέρτερον	head	6	11	
0085-004	529-532	15	μὴν	postag	d--------	g--------	
0085-004	529-532	15	μὴν	head	16	14	
0085-004	532-533	6	βλάστημα	relation	SBJ	SBJ_AP	
0085-004	532-533	6	βλάστημα	head	2	8	
0085-004	532-533	8	,	relation	AuxX	APOS	
0085-004	532-533	8	,	head	0	2	
0085-004	532-533	10	ἀνήρ	relation	APOS	SBJ_AP	
0085-004	532-533	10	ἀνήρ	head	6	8	
0085-004	534-535	1	στείχει	relation	PRED	PRED_CO	
0085-004	534-535	1	στείχει	head	0	2	
0085-004	534-535	2	δ’	postag	d--------	g--------	
0085-004	534-535	2	δ’	relation	AuxY	COORD	
0085-004	534-535	2	δ’	head	1	0	
0085-004	534-535	3	ἴουλος	relation	SBJ	SBJ_AP	
0085-004	534-535	3	ἴουλος	head	1	10	
0085-004	534-535	10	,	relation	AuxX	APOS	
0085-004	534-535	10	,	head	0	1	
0085-004	534-535	13	θρίξ	relation	APOS	SBJ_AP	
0085-004	534-535	13	θρίξ	head	3	10	
0085-004	536-537	1	ὁ	postag	l-s---mn-	p-s---mn-	
0085-004	536-537	2	δ’	postag	d--------	g--------	
0085-004	536-537	12	δ’	postag	b--------	g--------	
0085-004	538	2	μὴν	postag	d--------	g--------	
0085-004	538	3	ἀκόμπαστός	relation	ADV	AtvV	
0085-004	538	4	γ’	postag	d--------	g--------	
0085-004	539-544	2	γὰρ	postag	d--------	g--------	
0085-004	539-544	2	γὰρ	head	17	18	
0085-004	539-544	4	ὄνειδος	relation	SBJ	OBJ_AP	
0085-004	539-544	4	ὄνειδος	head	17	18	
0085-004	539-544	7	σάκει	relation	ADV	ADV_AP	
0085-004	539-544	7	σάκει	head	5	8	
0085-004	539-544	8	,	relation	AuxX	APOS	
0085-004	539-544	8	,	head	0	5	
0085-004	539-544	11	προβλήματι	relation	APOS	ADV_AP	
0085-004	539-544	11	προβλήματι	head	7	8	
0085-004	539-544	12	,	head	0	18	
0085-004	539-544	13	Σφίγγ’	relation	APOS	OBJ_AP	
0085-004	539-544	13	Σφίγγ’	head	4	18	
0085-004	539-544	18	,	relation	AuxX	APOS	
0085-004	539-544	18	,	head	0	17	
0085-004	539-544	21	δέμας	relation	APOS	OBJ_AP	
0085-004	539-544	21	δέμας	head	4	18	
0085-004	539-544	24	δ’	postag	b--------	g--------	
0085-004	539-544	26	αὑτῇ	postag	p-s---fd-	a-s---fd-	
0085-004	539-544	29	ἕνα	postag	m-s---ma-	n-s---ma-	
0085-004	539-544	32	πλεῖστ’	lemma	πολύς	πλεῖστος	
0085-004	539-544	32	πλεῖστ’	postag	a-p---nas	a-p---na-	
0085-004	545-547	2	δ’	postag	d--------	g--------	
0085-004	545-547	2	δ’	relation	AuxY	COORD	
0085-004	545-547	2	δ’	head	3	0	
0085-004	545-547	3	ἔοικεν	relation	PRED	PRED_CO	
0085-004	545-547	3	ἔοικεν	head	0	2	
0085-004	545-547	10	δ’	postag	b--------	g--------	
0085-004	547-549	2	δὲ	postag	d--------	g--------	
0085-004	547-549	8	δ’	postag	b--------	g--------	
0085-004	547-549	17	μὴ	postag	d--------	c--------	
0085-004	547-549	21	[0]	lemma	_	/	
0085-004	550-551	2	γὰρ	postag	d--------	g--------	
0085-004	550-551	9	αὐτοῖς	postag	p-p---nd-	a-p---nd-	
0085-004	550-551	10	ἐκείνοις	postag	p-p---nd-	a-p---nd-	
0085-004	552	2	τἂν	postag	d--------	g--------	
0085-004	552	3	πανώλεις	relation	ADV_CO	AtvV_CO	
0085-004	552	5	τ’	postag	b--------	g--------	
0085-004	553-555	1	ἔστιν	relation	PRED	PRED_CO	
0085-004	553-555	1	ἔστιν	head	0	2	
0085-004	553-555	2	δὲ	postag	d--------	g--------	
0085-004	553-555	2	δὲ	relation	AuxY	COORD	
0085-004	553-555	2	δὲ	head	1	0	
0085-004	553-555	3	καὶ	postag	d--------	c--------	
0085-004	553-555	4	τῷδ’	relation	ADV	ADV_AP	
0085-004	553-555	4	τῷδ’	head	1	5	
0085-004	553-555	5	,	relation	AuxX	APOS	
0085-004	553-555	5	,	head	0	1	
0085-004	553-555	9	Ἀρκάδα	relation	APOS	ADV_AP	
0085-004	553-555	9	Ἀρκάδα	head	4	5	
0085-004	553-555	10	,	head	4	5	
0085-004	553-555	11	ἀνὴρ	relation	SBJ	SBJ_AP	
0085-004	553-555	11	ἀνὴρ	head	1	19	
0085-004	553-555	15	δ’	postag	b--------	g--------	
0085-004	553-555	16	ὁρᾷ	relation	ExD	PRED_PA	
0085-004	553-555	19	,	relation	AuxX	APOS	
0085-004	553-555	19	,	head	0	1	
0085-004	553-555	20	Ἄκτωρ	relation	APOS	SBJ_AP	
0085-004	553-555	20	Ἄκτωρ	head	11	19	
0085-004	553-555	21	ἀδελφὸς	relation	APOS	ATR	
0085-004	556-559	13	οὐ	postag	d--------	g--------	
0085-004	556-559	14	δ’	postag	b--------	g--------	
0085-004	556-559	16	θηρὸς	relation	ATR	ATR_AP	
0085-004	556-559	16	θηρὸς	head	19	25	
0085-004	556-559	17	ἐχθίστου	lemma	ἐχθρός	ἔχθιστος	
0085-004	556-559	18	δάκους	relation	APOS	ATR_AP	
0085-004	556-559	18	δάκους	head	16	25	
0085-004	562	3	τἂν	postag	d--------	g--------	
0085-004	562	5	ἐγώ	postag	p1s---cn-	p-s---mn-	
0085-004	563-566	7	δ’	postag	b--------	g--------	
0085-004	566-567	2	γὰρ	postag	d--------	g--------	
0085-004	568-569	1	ἕκτον	relation	ADV	ATV	
0085-004	568-569	3	ἂν	postag	d--------	g--------	
0085-004	568-569	4	ἄνδρα	relation	OBJ_CO	OBJ_AP_CO	
0085-004	568-569	6	,	head	2	11	
0085-004	568-569	8	τ’	postag	b--------	g--------	
0085-004	568-569	8	τ’	head	2	11	
0085-004	568-569	9	ἄριστον	lemma	ἀγαθός	ἄριστος	
0085-004	568-569	9	ἄριστον	postag	a-s---mas	a-s---ma-	
0085-004	568-569	10	μάντιν	relation	OBJ_CO	OBJ_AP_CO	
0085-004	568-569	11	,	relation	AuxX	APOS	
0085-004	568-569	11	,	head	0	2	
0085-004	568-569	13	βίαν	relation	APOS	OBJ_AP	
0085-004	568-569	13	βίαν	head	8	11	
0085-004	570-571	1	Ὁμολωίσιν	lemma	Ὁμολώϊος	Ὁμολώιος	
0085-004	570-571	2	δὲ	postag	d--------	g--------	
0085-004	570-571	2	δὲ	relation	AuxY	COORD	
0085-004	570-571	2	δὲ	head	7	0	
0085-004	570-571	7	βάζει	relation	PRED	PRED_CO	
0085-004	570-571	7	βάζει	head	0	2	
0085-004	572-575	8	μέγιστον	postag	a-s---mas	a-s---ma-	
0085-004	572-575	21	τ’	postag	b--------	g--------	
0085-004	572-575	26	[0]	lemma	_	/	
0085-004	576-579	1	καὶ	postag	d--------	c--------	
0085-004	576-579	1	καὶ	relation	AuxY	COORD	
0085-004	576-579	1	καὶ	head	21	0	
0085-004	576-579	4	αὖθις	relation	ADV	AuxY	
0085-004	576-579	6	ὁμόσπορον	relation	OBJ	OBJ_AP	
0085-004	576-579	6	ὁμόσπορον	head	5	7	
0085-004	576-579	7	,	relation	AuxX	APOS	
0085-004	576-579	7	,	head	0	5	
0085-004	576-579	12	βίαν	relation	APOS	OBJ_AP	
0085-004	576-579	12	βίαν	head	6	7	
0085-004	576-579	15	τ’	postag	b--------	g--------	
0085-004	576-579	21	καλεῖ	relation	PRED	PRED_CO	
0085-004	576-579	21	καλεῖ	head	0	1	
0085-004	579	1	λέγει	relation	PRED	PRED_CO	
0085-004	579	1	λέγει	head	0	2	
0085-004	579	2	δὲ	postag	d--------	g--------	
0085-004	579	2	δὲ	relation	AuxY	COORD	
0085-004	579	2	δὲ	head	1	0	
0085-004	579	3	τοῦτ’	postag	p-s---na-	a-s---na-	
0085-004	580-583	1	ἦ	head	3	4	
0085-004	580-583	2	τοῖον	head	9	11	
0085-004	580-583	3	ἔργον	head	27	28	
0085-004	580-583	4	καὶ	postag	b--------	c--------	
0085-004	580-583	4	καὶ	head	9	11	
0085-004	580-583	5	θεοῖσι	head	6	8	
0085-004	580-583	6	προσφιλές	head	9	11	
0085-004	580-583	7	,	head	10	11	
0085-004	580-583	8	καλόν	head	9	11	
0085-004	580-583	9	τ’	postag	b--------	g--------	
0085-004	580-583	9	τ’	head	3	5	
0085-004	580-583	10	ἀκοῦσαι	relation	ADV_CO	ADV	
0085-004	580-583	10	ἀκοῦσαι	head	11	13	
0085-004	580-583	11	καὶ	postag	b--------	c--------	
0085-004	580-583	11	καὶ	head	9	10	
0085-004	580-583	12	λέγειν	relation	ADV_CO	ADV	
0085-004	580-583	12	λέγειν	head	11	13	
0085-004	580-583	13	μεθυστέροις	head	11	10	
0085-004	580-583	15	πόλιν	head	17	19	
0085-004	580-583	16	πατρῴαν	head	15	17	
0085-004	580-583	17	καὶ	postag	b--------	c--------	
0085-004	580-583	17	καὶ	head	21	23	
0085-004	580-583	18	θεοὺς	head	17	19	
0085-004	580-583	19	τοὺς	head	18	20	
0085-004	580-583	20	ἐγγενεῖς	head	18	20	
0085-004	580-583	21	πορθεῖν	head	27	28	
0085-004	580-583	22	,	head	26	27	
0085-004	580-583	23	στράτευμ’	head	25	27	
0085-004	580-583	24	ἐπακτὸν	head	23	25	
0085-004	580-583	25	ἐμβεβληκότα	head	21	23	
0085-004	580-583	27	[0]	lemma	_	/	
0085-004	584	2	τε	postag	b--------	g--------	
0085-004	584	4	τίς	postag	p-s---cn-	a-s---fn-	
0085-004	585-586	1	πατρίς	postag	a-s---fn-	n-s---fn-	
0085-004	585-586	2	τε	postag	b--------	g--------	
0085-004	585-586	2	τε	relation	AuxY	COORD	
0085-004	585-586	2	τε	head	12	0	
0085-004	585-586	3	γαῖα	lemma	γῆ	γαῖα	
0085-004	585-586	10	σοι	postag	p2s---cd-	p-s---md-	
0085-004	585-586	12	γενήσεται	relation	PRED	PRED_CO	
0085-004	585-586	12	γενήσεται	head	0	2	
0085-004	587-588	1	ἔγωγε	postag	p1s---cn-	p-s---mn-	
0085-004	587-588	2	μὲν	postag	d--------	g--------	
0085-004	587-588	3	δὴ	postag	d--------	g--------	
0085-004	587-588	3	δὴ	relation	AuxY	AuxZ	
0085-004	587-588	3	δὴ	head	5	2	
0085-004	590-591	1	τοιαῦθ’	postag	p-p---na-	a-p---na-	
0085-004	591	2	δ’	postag	d--------	g--------	
0085-004	591	2	δ’	relation	AuxY	COORD	
0085-004	591	2	δ’	head	4	0	
0085-004	591	4	ἐπῆν	relation	PRED	PRED_CO	
0085-004	591	4	ἐπῆν	head	0	2	
0085-004	592-594	2	γὰρ	postag	d--------	g--------	
0085-004	592-594	4	ἄριστος	lemma	ἀγαθός	ἄριστος	
0085-004	592-594	4	ἄριστος	postag	a-s---mns	a-s---mn-	
0085-004	592-594	5	,	head	0	6	
0085-004	592-594	6	ἀλλ’	postag	b--------	d--------	
0085-004	595-596	1	τούτῳ	postag	p-s---md-	a-s---md-	
0085-004	595-596	3	τε	postag	b--------	g--------	
0085-004	595-596	9	[0]	lemma	_	/	
0085-004	596	6	[0]	lemma	_	/	
0085-004	597-598	11	[0]	lemma	_	/	
0085-004	599-600	4	δ’	postag	b--------	g--------	
0085-004	599-600	9	οὐδέν	postag	p-s---nn-	a-s---nn-	
0085-004	599-600	13	κομιστέος	lemma	κομίζω	κομιστέος	
0085-004	599-600	15	[0]	lemma	_	/	
0085-004	609-614	2	δ’	postag	d--------	g--------	
0085-004	609-614	2	δ’	relation	AuxY	COORD	
0085-004	609-614	2	δ’	head	35	0	
0085-004	609-614	4	μάντις	relation	SBJ	SBJ_AP	
0085-004	609-614	4	μάντις	head	35	15	
0085-004	609-614	8	λέγω	relation	ExD	PRED_PA	
0085-004	609-614	14	ἀνήρ	relation	APOS	SBJ_AP	
0085-004	609-614	14	ἀνήρ	head	4	15	
0085-004	609-614	15	,	relation	AuxX	APOS	
0085-004	609-614	15	,	head	0	35	
0085-004	609-614	17	προφήτης	relation	APOS	SBJ_AP	
0085-004	609-614	17	προφήτης	head	4	15	
0085-004	609-614	20	συμμιγεὶς	lemma	συμμείγνυμι	συμμίγνυμι	
0085-004	609-614	35	ξυγκαθελκυσθήσεται	relation	PRED	PRED_CO	
0085-004	609-614	35	ξυγκαθελκυσθήσεται	head	0	2	
0085-004	609-614	37	[0]	lemma	_	/	
0085-004	615-618	2	μὲν	postag	d--------	g--------	
0085-004	615-618	3	οὖν	postag	d--------	g--------	
0085-004	615-618	3	οὖν	relation	AuxY	AuxZ	
0085-004	615-618	3	οὖν	head	1	2	
0085-004	615-618	4	σφε	postag	p3p---ca-	p-s---ma-	
0085-004	615-618	5	μη	postag	d--------	g--------	
0085-004	615-618	6	δὲ	postag	b--------	g--------	
0085-004	615-618	6	δὲ	relation	AuxY	AuxZ	
0085-004	615-618	10	ὡς	postag	c--------	d--------	
0085-004	615-618	12	οὐ	postag	d--------	g--------	
0085-004	615-618	13	δὲ	postag	b--------	g--------	
0085-004	615-618	17	ἀλλ’	postag	b--------	d--------	
0085-004	615-618	20	σφε	postag	p3p---ca-	p-s---ma-	
0085-004	615-618	27	ἔσται	postag	v3sfim---	v3sfi----	
0085-004	615-618	31	[0]	lemma	_	/	
0085-004	619	2	δὲ	postag	d--------	g--------	
0085-004	619	3	σιγᾶν	lemma	σιγάω	σιγάζω	
0085-004	619	3	σιγᾶν	postag	v--pna---	v--fna---	
0085-004	619	4	ἢ	postag	b--------	c--------	
0085-004	620-624	2	δ’	postag	d--------	g--------	
0085-004	620-624	4	αὐτῷ	postag	p-s---md-	a-s---md-	
0085-004	620-624	5	φῶτα	relation	OBJ	OBJ_AP	
0085-004	620-624	5	φῶτα	head	12	6	
0085-004	620-624	6	,	relation	AuxX	APOS	
0085-004	620-624	6	,	head	0	12	
0085-004	620-624	8	βίαν	relation	APOS	OBJ_AP	
0085-004	620-624	8	βίαν	head	5	6	
0085-004	620-624	9	,	head	5	6	
0085-004	620-624	11	πυλωρὸν	relation	ADV	ATV	
0085-004	620-624	11	πυλωρὸν	head	5	6	
0085-004	620-624	14	γέροντα	postag	a-s---ma-	n-s---ma-	
0085-004	620-624	14	γέροντα	head	5	6	
0085-004	620-624	19	δ’	postag	b--------	g--------	
0085-004	620-624	27	δ’	postag	b--------	g--------	
0085-004	625	2	δὲ	postag	d--------	g--------	
0085-004	629-630	2	δ’	postag	d--------	g--------	
0085-004	629-630	3	ἔκτοθεν	postag	r--------	d--------	
0085-004	629-630	6	σφε	postag	p3p---ca-	p-p---ma-	
0085-004	631-633	2	ἕβδομον	relation	OBJ	OBJ_AP	
0085-004	631-633	2	ἕβδομον	head	8	9	
0085-004	631-633	3	δὴ	postag	d--------	g--------	
0085-004	631-633	3	δὴ	relation	AuxY	AuxZ	
0085-004	631-633	9	,	relation	AuxX	APOS	
0085-004	631-633	9	,	head	0	14	
0085-004	631-633	11	αὐτοῦ	postag	p-s---mg-	a-s---mg-	
0085-004	631-633	12	σοῦ	postag	p2s---cg-	p-s---mg-	
0085-004	631-633	13	κασίγνητον	relation	APOS	OBJ_AP	
0085-004	631-633	13	κασίγνητον	head	2	9	
0085-004	631-633	14	,	relation	AuxX	APOS	
0085-004	631-633	14	,	head	0	8	
0085-004	631-633	16	οἵας	postag	p-p---fa-	a-p---fa-	
0085-004	631-633	17	ἀρᾶται	relation	APOS_CO	OBJ_AP_CO	
0085-004	631-633	18	καὶ	postag	b--------	c--------	
0085-004	631-633	18	καὶ	head	2	14	
0085-004	631-633	19	κατεύχεται	relation	APOS_CO	OBJ_AP_CO	
0085-004	634-638	7	παιᾶν’	lemma	παιάν	Παιάν	
0085-004	634-638	10	σοὶ	postag	p2s---cd-	p-s---md-	
0085-004	634-638	12	καὶ	postag	b--------	c--------	
0085-004	634-638	14	θανεῖν	lemma	θνῄσκω	θνήσκω	
0085-004	634-638	17	ἢ	postag	b--------	c--------	
0085-004	634-638	20	τὼς	relation	AuxZ	AuxC	
0085-004	634-638	24	αὐτὸν	postag	p-s---ma-	a-s---ma-	
0085-004	634-638	29	[0]	lemma	_	/	
0085-004	639-641	1	τοιαῦτ’	postag	p-p---na-	a-p---na-	
0085-004	639-641	3	καὶ	postag	b--------	c--------	
0085-004	639-641	13	γενέσθαι	postag	v--anm---	v--an----	
0085-004	642-643	1	ἔχει	relation	PRED	PRED_CO	
0085-004	642-643	1	ἔχει	head	0	2	
0085-004	642-643	2	δὲ	postag	d--------	g--------	
0085-004	642-643	2	δὲ	relation	AuxY	COORD	
0085-004	642-643	2	δὲ	head	1	0	
0085-004	642-643	7	τε	postag	b--------	g--------	
0085-004	644-645	2	γὰρ	postag	d--------	g--------	
0085-004	644-645	5	ἰδεῖν	lemma	ὁράω	εἶδον	
0085-004	644-645	8	τις	postag	p-s---cn-	p-s---fn-	
0085-004	646-648	1	δίκη	form	δίκη	Δίκη	
0085-004	646-648	2	δ’	postag	d--------	g--------	
0085-004	646-648	2	δ’	relation	AuxY	COORD	
0085-004	646-648	2	δ’	head	5	0	
0085-004	646-648	3	ἄρ’	postag	d--------	g--------	
0085-004	646-648	5	φησιν	relation	PRED	PRED_CO	
0085-004	646-648	5	φησιν	head	0	2	
0085-004	646-648	7	ὡς	postag	c--------	d--------	
0085-004	646-648	13	δ’	postag	b--------	g--------	
0085-004	646-648	16	καὶ	postag	b--------	c--------	
0085-004	646-648	21	τ’	postag	b--------	g--------	
0085-004	649	1	τοιαῦτ’	postag	p-p---nn-	a-p---nn-	
0085-004	649	2	ἐκείνων	postag	p-p---mg-	a-p---mg-	
0085-004	650	1	σὺ	postag	p2s---cn-	p-s---mn-	
0085-004	650	1	σὺ	relation	SBJ	ExD	
0085-004	650	2	δ’	postag	d--------	g--------	
0085-004	650	3	αὐτὸς	postag	p-s---mn-	a-s---mn-	
0085-004	650	3	αὐτὸς	relation	ADV	ATV	
0085-004	650	4	ἤδη	relation	ADV	AuxY	
0085-004	650	6	τίνα	postag	p-s---ca-	p-s---ma-	
0085-004	650	7	πέμπειν	relation	OBJ	SBJ	
0085-004	653-655	3	τε	postag	b--------	g--------	
0085-004	653-655	4	καὶ	postag	b--------	c--------	
0085-004	653-655	8	,	relation	AuxX	APOS	
0085-004	653-655	8	,	head	0	16	
0085-004	653-655	13	γένος	relation	ExD	ExD_AP	
0085-004	653-655	13	γένος	head	16	8	
0085-004	653-655	15	[1]	lemma	_	/	
0085-004	653-655	15	[1]	relation	APOS	ExD_AP	
0085-004	653-655	15	[1]	head	13	8	
0085-004	653-655	16	[0]	lemma	_	/	
0085-004	656	4	δὴ	postag	d--------	g--------	
0085-004	656	9	[0]	lemma	_	/	
0085-004	657-658	3	τε	postag	b--------	g--------	
0085-004	657-658	6	τ’	postag	b--------	g--------	
0085-004	657-658	10	μὴ	postag	d--------	c--------	
0085-004	657-658	11	καὶ	postag	d--------	c--------	
0085-004	659-661	2	δὲ	postag	d--------	g--------	
0085-004	659-661	3	κάρτα	relation	ADV	AuxZ	
0085-004	659-661	6	λέγω	relation	ExD	PRED_PA	
0085-004	659-661	12	τελεῖ	relation	OBJ	OBJ_AP	
0085-004	659-661	12	τελεῖ	head	0	13	
0085-004	659-661	13	,	relation	AuxX	APOS	
0085-004	659-661	14	εἴ	head	12	13	
0085-004	659-661	16	κατάξει	relation	APOS	OBJ_AP	
0085-004	659-661	26	[0]	lemma	_	/	
0085-004	662-663	2	δ’	postag	d--------	g--------	
0085-004	662-663	5	παῖς	postag	n-s---cn-	n-s---fn-	
0085-004	662-663	5	παῖς	relation	SBJ	SBJ_AP	
0085-004	662-663	5	παῖς	head	8	19	
0085-004	662-663	6	παρθένος	postag	a-s---fn-	n-s---fn-	
0085-004	662-663	7	δίκη	form	δίκη	Δίκη	
0085-004	662-663	7	δίκη	relation	APOS	SBJ_AP	
0085-004	662-663	7	δίκη	head	5	19	
0085-004	662-663	10	ἐκείνου	postag	p-s---mg-	a-s---mg-	
0085-004	662-663	11	καὶ	postag	b--------	c--------	
0085-004	662-663	15	ἂν	postag	d--------	g--------	
0085-004	664-667	3	τε	postag	b--------	g--------	
0085-004	664-667	10	τ’	postag	b--------	g--------	
0085-004	664-667	15	τ’	postag	b--------	g--------	
0085-004	664-667	17	πω	postag	d--------	g--------	
0085-004	664-667	20	τ’	postag	b--------	g--------	
0085-004	664-667	26	δίκη	form	δίκη	Δίκη	
0085-004	664-667	27	προσεῖδε	lemma	προσοράω	προσεῖδον	
0085-004	664-667	28	καὶ	postag	b--------	c--------	
0085-004	668-669	1	οὐ	postag	d--------	g--------	
0085-004	668-669	2	δ’	postag	d--------	g--------	
0085-004	668-669	2	δ’	relation	AuxY	AuxZ	
0085-004	668-669	5	μὴν	postag	d--------	g--------	
0085-004	668-669	10	αὐτῷ	postag	p-s---md-	a-s---md-	
0085-004	670-671	2	δῆτ’	head	4	1	
0085-004	670-671	3	ἂν	postag	d--------	g--------	
0085-004	670-671	7	δίκη	form	δίκη	Δίκη	
0085-004	672-673	1	τούτοις	postag	p-p---nd-	a-p---nd-	
0085-004	672-673	3	εἶμι	lemma	ἔρχομαι	εἶμι	
0085-004	672-673	4	καὶ	postag	b--------	c--------	
0085-004	672-673	6	αὐτός	postag	p-s---mn-	a-s---mn-	
0085-004	672-673	6	αὐτός	relation	ADV	AtvV	
0085-004	673	1	τίς	postag	p-s---cn-	a-s---mn-	
0085-004	673	2	ἄλλος	postag	p-s---mn-	a-s---mn-	
0085-004	673	3	μᾶλλον	lemma	μάλα	μᾶλλον	
0085-004	673	3	μᾶλλον	postag	d-------c	d--------	
0085-004	673	3	μᾶλλον	relation	ADV	AuxZ	
0085-004	673	6	[0]	lemma	_	/	
0085-004	674-675	2	τ’	postag	b--------	g--------	
0085-004	674-675	3	ἄρχων	relation	ADV	AtvV	
0085-004	674-675	4	καὶ	postag	b--------	c--------	
0085-004	674-675	6	κάσις	relation	ADV	AtvV	
0085-004	674-675	8	ἐχθρὸς	relation	ADV	AtvV	
0085-004	674-675	13	[0]	lemma	_	/	
0085-004	674-675	14	[1]	lemma	_	/	
0085-004	675-676	4	κνημῖδας	relation	OBJ	OBJ_AP	
0085-004	675-676	4	κνημῖδας	head	1	5	
0085-004	675-676	5	,	relation	AuxX	APOS	
0085-004	675-676	5	,	head	0	1	
0085-004	675-676	7	καὶ	postag	b--------	c--------	
0085-004	675-676	9	προβλήματα	relation	APOS	OBJ_AP	
0085-004	675-676	9	προβλήματα	head	4	5	
0085-004	677-678	1	μή	postag	d--------	c--------	
0085-004	677-678	2	,	head	3	5	
0085-004	677-678	3	φίλτατ’	lemma	φίλος	φίλτατος	
0085-004	677-678	3	φίλτατ’	postag	a-s---mvs	a-s---mv-	
0085-004	677-678	3	φίλτατ’	relation	ExD	ExD_AP	
0085-004	677-678	3	φίλτατ’	head	9	5	
0085-004	677-678	5	,	relation	AuxX	APOS	
0085-004	677-678	5	,	head	0	9	
0085-004	677-678	7	τέκος	relation	APOS	ExD_AP	
0085-004	677-678	7	τέκος	head	3	5	
0085-004	677-678	8	,	head	3	5	
0085-004	677-678	14	αὐδωμένῳ	relation	ADV	OBJ	
0085-004	679-680	10	[0]	lemma	_	/	
0085-004	680	2	γὰρ	postag	d--------	g--------	
0085-004	680	5	[0]	lemma	_	/	
0085-004	681-682	2	δ’	postag	d--------	g--------	
0085-004	681-682	15	[0]	lemma	_	/	
0085-004	683-684	4	τις	postag	p-s---cn-	p-s---mn-	
0085-004	684	2	γὰρ	postag	d--------	g--------	
0085-004	684	5	τεθνηκόσι	lemma	θνῄσκω	θνήσκω	
0085-004	684	7	[0]	lemma	_	/	
0085-004	685	2	δὲ	postag	d--------	g--------	
0085-004	685	6	ἐρεῖς	lemma	λέγω	ἐρῶ	
0085-004	685	8	[0]	lemma	_	/	
0085-004	687-688	2	δ’	postag	d--------	g--------	
0085-004	689-691	7	,	relation	AuxX	AuxZ	
0085-004	689-691	8	ἴτω	lemma	ἔρχομαι	εἶμι	
0085-004	689-691	12	κωκυτοῦ	form	κωκυτοῦ	Κωκυτοῦ	
0085-004	689-691	18	Λαΐου	lemma	Λάϊος	Λάιος	
0085-004	695-697	2	γὰρ	postag	d--------	g--------	
0085-004	695-697	4	μοι	postag	p1s---cd-	p-s---md-	
0085-004	695-697	15	πρότερον	postag	a-s---nac	a-s---na-	
0085-004	699-701	3	εἶσι	lemma	ἔρχομαι	εἶμι	
0085-004	702-703	2	μὲν	postag	d--------	g--------	
0085-004	702-703	4	πως	postag	d--------	g--------	
0085-004	702-703	8	δ’	postag	b--------	g--------	
0085-004	702-703	10	ἡμῶν	postag	p1p---cg-	p-p---mg-	
0085-004	704	2	οὖν	postag	d--------	g--------	
0085-004	704	2	οὖν	relation	AuxY	AuxZ	
0085-004	704	4	ἂν	postag	d--------	g--------	
0085-004	705	2	ὅτε	relation	AuxC	AuxP	
0085-004	705	3	σοι	postag	p2s---cd-	p-s---md-	
0085-004	705	6	[0]	lemma	_	/	
0085-004	708	2	δ’	postag	d--------	g--------	
0085-004	709	2	γὰρ	postag	d--------	g--------	
0085-004	710-711	1	ἄγαν	relation	ADV	AuxZ	
0085-004	710-711	2	δ’	postag	d--------	g--------	
0085-004	710-711	6	ὄψεις	relation	SBJ	SBJ_AP	
0085-004	710-711	6	ὄψεις	head	12	7	
0085-004	710-711	7	,	relation	AuxX	APOS	
0085-004	710-711	7	,	head	0	12	
0085-004	710-711	10	δατήριοι	relation	APOS	SBJ_AP	
0085-004	710-711	10	δατήριοι	head	6	7	
0085-004	710-711	12	[0]	lemma	_	/	
0085-004	712	4	καίπερ	postag	d--------	g--------	
0085-004	712	4	καίπερ	relation	AuxZ	AuxC	
0085-004	712	4	καίπερ	head	6	1	
0085-004	712	6	στέργων	head	1	4	
0085-004	712	7	ὅμως	postag	d--------	c--------	
0085-004	713	2	ἂν	postag	d--------	g--------	
0085-004	713	5	τις	postag	p-s---cn-	p-s---fn-	
0085-004	713	7	[0]	lemma	_	/	
0085-004	713	1	οὐ	postag	d--------	g--------	
0085-004	713	2	δὲ	postag	d--------	g--------	
0085-004	713	4	μακράν	lemma	μακρός	μακράν	
0085-004	713	6	[0]	lemma	_	/	
0085-004	715	2	τοί	postag	d--------	g--------	
0085-004	715	3	μ’	postag	p1s---ca-	p-s---ma-	
0085-004	716	2	γε	postag	d--------	g--------	
0085-004	716	2	γε	relation	AuxZ	AuxY	
0085-004	716	3	μέντοι	postag	d--------	g--------	
0085-004	716	3	μέντοι	relation	AuxY	AuxZ	
0085-004	716	4	καὶ	postag	d--------	c--------	
0085-004	717	4	τοῦτο	postag	p-s---na-	a-s---na-	
0085-004	719	1	θεῶν	relation	SBJ	ATR	
0085-004	719	4	ἂν	postag	d--------	g--------	
0085-004	720-725	4	θεόν	relation	SBJ	SBJ_AP	
0085-004	720-725	4	θεόν	head	15	9	
0085-004	720-725	7	θεοῖς	relation	ADV	OBJ	
0085-004	720-725	8	ὁμοίαν	lemma	ὅμοιος	ὁμοῖος	
0085-004	720-725	9	,	relation	AuxX	APOS	
0085-004	720-725	9	,	head	0	15	
0085-004	720-725	14	Ἐρινὺν	relation	APOS	SBJ_AP	
0085-004	720-725	14	Ἐρινὺν	head	4	9	
0085-004	726	2	δ’	postag	d--------	g--------	
0085-004	726	2	δ’	relation	AuxY	COORD	
0085-004	726	2	δ’	head	5	0	
0085-004	726	5	ὀτρύνει	relation	PRED	PRED_CO	
0085-004	726	5	ὀτρύνει	head	0	2	
0085-004	727-733	1	ξένος	postag	a-s---mn-	n-s---mn-	
0085-004	727-733	1	ξένος	relation	SBJ	SBJ_AP	
0085-004	727-733	1	ξένος	head	4	13	
0085-004	727-733	2	δὲ	postag	d--------	g--------	
0085-004	727-733	5	,	head	1	13	
0085-004	727-733	8	ἄποικος	relation	APOS	SBJ_AP	
0085-004	727-733	8	ἄποικος	head	1	13	
0085-004	727-733	9	,	head	1	13	
0085-004	727-733	11	χρηματοδαίτας	relation	APOS	SBJ_AP	
0085-004	727-733	11	χρηματοδαίτας	head	1	13	
0085-004	727-733	13	,	relation	AuxX	APOS	
0085-004	727-733	13	,	head	0	4	
0085-004	727-733	14	ὠμόφρων	postag	a-s---mn-	n-s---mn-	
0085-004	727-733	15	σίδαρος	relation	APOS	SBJ_AP	
0085-004	727-733	15	σίδαρος	head	1	13	
0085-004	727-733	22	καὶ	postag	d--------	c--------	
0085-004	727-733	28	πεδίων	relation	ADV	ATR	
0085-004	727-733	29	ἀμοίρους	relation	ADV	AtvV	
0085-004	727-733	31	[0]	lemma	_	/	
0085-004	734-739	2	δ’	postag	d--------	g--------	
0085-004	734-739	3	ἂν	postag	d--------	g--------	
0085-004	734-739	5	αὐτοδάικτοι	lemma	αὐτοδάϊκτος	αὐτοδάικτος	
0085-004	734-739	5	αὐτοδάικτοι	relation	ADV	AtvV	
0085-004	734-739	6	θάνωσι	lemma	θνῄσκω	θνήσκω	
0085-004	734-739	8	καὶ	postag	b--------	c--------	
0085-004	734-739	9	γαΐα	postag	n-s---fn-	---------	
0085-004	734-739	15	,	relation	AuxX	AuxC	
0085-004	734-739	16	τίς	postag	p-s---cn-	p-s---mn-	
0085-004	734-739	17	ἂν	postag	d--------	g--------	
0085-004	734-739	21	τίς	postag	p-s---cn-	p-s---mn-	
0085-004	734-739	22	ἄν	postag	d--------	g--------	
0085-004	734-739	23	σφε	postag	p3p---ca-	p-p---ma-	
0085-004	742-743	2	γὰρ	postag	d--------	g--------	
0085-004	744	2	δ’	postag	d--------	g--------	
0085-004	750-756	2	δ’	postag	d--------	g--------	
0085-004	750-756	6	ἐγείνατο	lemma	γίγνομαι	γείνομαι	
0085-004	750-756	6	ἐγείνατο	postag	v3saim---	v3sai----	
0085-004	750-756	7	μὲν	postag	d--------	g--------	
0085-004	750-756	8	μόρον	relation	OBJ	OBJ_AP	
0085-004	750-756	8	μόρον	head	6	10	
0085-004	750-756	9	αὑτῷ	postag	p-s---md-	a-s---md-	
0085-004	750-756	10	,	relation	AuxX	APOS	
0085-004	750-756	10	,	head	0	6	
0085-004	750-756	12	Οἰδιπόδαν	relation	APOS	OBJ_AP	
0085-004	750-756	12	Οἰδιπόδαν	head	8	10	
0085-004	750-756	17	σπείρας	relation	ADV	ATV	
0085-004	750-756	18	ἄρουραν	relation	OBJ	OBJ_AP	
0085-004	750-756	18	ἄρουραν	head	17	22	
0085-004	750-756	22	,	relation	AuxX	APOS	
0085-004	750-756	22	,	head	0	17	
0085-004	750-756	23	ῥίζαν	relation	APOS	OBJ_AP	
0085-004	750-756	23	ῥίζαν	head	18	22	
0085-004	750-756	27	[0]	lemma	_	/	
0085-004	750-756	28	[1]	lemma	_	/	
0085-004	756-757	3	νυμφίους	postag	n-p---ma-	a-p---ma-	
0085-004	758	2	δ’	postag	d--------	g--------	
0085-004	758	3	ὥσπερ	postag	c--------	d--------	
0085-004	758	8	[0]	lemma	_	/	
0085-004	762-763	2	δ’	postag	d--------	g--------	
0085-004	762-763	3	ἀλκὰ	relation	SBJ	SBJ_AP	
0085-004	762-763	3	ἀλκὰ	head	6	7	
0085-004	762-763	7	,	relation	AuxX	APOS	
0085-004	762-763	7	,	head	0	6	
0085-004	762-763	8	πύργος	relation	APOS	SBJ_AP	
0085-004	762-763	8	πύργος	head	3	7	
0085-004	764-765	2	δὲ	postag	d--------	g--------	
0085-004	764-765	5	μὴ	postag	d--------	c--------	
0085-004	766-767	2	γὰρ	postag	d--------	g--------	
0085-004	766-767	8	[0]	lemma	_	/	
0085-004	767-768	2	δ’	postag	d--------	g--------	
0085-004	767-768	2	δ’	relation	AuxY	COORD	
0085-004	767-768	2	δ’	head	6	0	
0085-004	767-768	6	παρέρχεται	relation	PRED	PRED_CO	
0085-004	767-768	6	παρέρχεται	head	0	2	
0085-004	769-771	2	δ’	postag	d--------	g--------	
0085-004	769-771	2	δ’	relation	AuxY	COORD	
0085-004	769-771	2	δ’	head	4	0	
0085-004	769-771	4	φέρει	relation	PRED	PRED_CO	
0085-004	769-771	4	φέρει	head	0	2	
0085-004	772-777	1	τίν’	postag	p-s---ca-	p-s---ma-	
0085-004	772-777	3	γὰρ	postag	d--------	g--------	
0085-004	772-777	7	καὶ	postag	b--------	c--------	
0085-004	772-777	8	ξυνέστιοι	relation	SBJ_CO	SBJ_AP_CO	
0085-004	772-777	8	ξυνέστιοι	head	7	12	
0085-004	772-777	12	τ’	postag	b--------	g--------	
0085-004	772-777	12	τ’	relation	AuxY	APOS	
0085-004	772-777	12	τ’	head	0	7	
0085-004	772-777	13	ἀγὼν	relation	APOS	SBJ_AP_CO	
0085-004	772-777	13	ἀγὼν	head	8	12	
0085-004	772-777	16	ὅσον	postag	p-s---na-	a-s---na-	
0085-004	778-782	2	δ’	postag	d--------	g--------	
0085-004	778-782	4	ἐγένετο	postag	v3saim---	v3sai----	
0085-004	778-782	5	μέλεος	relation	ADV	AtvV	
0085-004	783-784	4	?	relation	AuxK	AuxX	
0085-004	785-790	2	δ’	postag	d--------	g--------	
0085-004	785-790	13	καί	postag	d--------	c--------	
0085-004	785-790	14	σφε	postag	p3p---ca-	p-p---ma-	
0085-004	785-790	18	ποτε	postag	d--------	g--------	
0085-004	790-791	2	δὲ	postag	d--------	g--------	
0085-004	790-791	4	μὴ	postag	d--------	c--------	
0085-004	792	3	παῖδες	postag	n-p---cn-	n-p---mn-	
0085-004	793	4	δούλιον	postag	a-s---na-	a-s---ma-	
0085-004	793	5	ζυγόν	lemma	ζυγόν	ζυγός	
0085-004	793	5	ζυγόν	postag	n-s---na-	n-s---ma-	
0085-004	795-796	2	δ’	postag	d--------	g--------	
0085-004	795-796	2	δ’	relation	AuxY	COORD	
0085-004	795-796	2	δ’	head	12	0	
0085-004	795-796	5	τε	postag	b--------	g--------	
0085-004	795-796	6	καὶ	postag	b--------	c--------	
0085-004	795-796	12	ἐδέξατο	postag	v3saim---	v3sai----	
0085-004	795-796	12	ἐδέξατο	relation	PRED	PRED_CO	
0085-004	795-796	12	ἐδέξατο	head	0	2	
0085-004	797-798	2	δὲ	postag	d--------	g--------	
0085-004	797-798	5	καὶ	postag	b--------	c--------	
0085-004	797-798	9	μονομάχοισι	lemma	μονόμαχος	μονομάχος	
0085-004	799	1	καλῶς	relation	ADV	OBJ	
0085-004	799	4	πλεῖστ’	lemma	πολύς	πλεῖστος	
0085-004	799	4	πλεῖστ’	postag	a-p---nns	a-p---nn-	
0085-004	800-802	2	δ’	postag	d--------	g--------	
0085-004	800-802	15	Λαΐου	lemma	Λάϊος	Λάιος	
0085-004	803	2	δ’	postag	d--------	g--------	
0085-004	803	7	πλέον	lemma	πολύς	πλέος	
0085-004	803	7	πλέον	postag	a-s---nnc	a-s---nn-	
0085-004	804	2	σέσωσται	lemma	σῴζω	σώζω	
0085-004	804-805	2	δ’	postag	d--------	g--------	
0085-004	804-805	5	τίνες	postag	p-p---cn-	p-p---mn-	
0085-004	804-805	7	[0]	lemma	_	/	
0085-004	805	2	δ’	postag	d--------	g--------	
0085-004	805	3	εἶπας	lemma	λέγω	εἶπον	
0085-004		13	[0]	relation	ExD	PRED	
0085-004		13	[0]	head	9	0	
0085-004	808-809	1	οὐ	postag	d--------	g--------	
0085-004	808-809	2	δ’	postag	d--------	g--------	
0085-004	808-809	2	δ’	relation	AuxY	AuxZ	
0085-004	808-809	4	μὴν	postag	d--------	g--------	
0085-004	808-809	10	[0]	lemma	_	/	
0085-004	808-809	10	[0]	relation	ExD	PRED	
0085-004	808-809	10	[0]	head	8	0	
0085-004	809	2	δ’	postag	d--------	g--------	
0085-004	809	3	οὖν	postag	d--------	g--------	
0085-004	809	3	οὖν	relation	AuxY	AuxZ	
0085-004	809	3	οὖν	head	5	2	
0085-004	809	4	ὅμως	postag	d--------	c--------	
0085-004	810	2	τεθνᾶσιν	lemma	θνῄσκω	θνήσκω	
0085-004	811	1	οὕτως	relation	ADV	AuxZ	
0085-004	811	2	ἀδελφαῖς	lemma	ἀδελφός	ἀδελφή	
0085-004	811	2	ἀδελφαῖς	postag	a-p---fd-	n-p---fd-	
0085-004	811	3	χερσὶν	head	5	4	
0085-004	811	5	ἅμα	relation	AuxP	ADV	
0085-004	811	5	ἅμα	head	4	0	
0085-004	812	7	ἄγαν	relation	ADV	AuxZ	
0085-004	813	1	αὐτὸς	postag	p-s---mn-	a-s---mn-	
0085-004	813	2	δ’	postag	d--------	g--------	
0085-004	813	4	δῆτα	relation	AuxZ	AuxY	
0085-004	814	1	τοιαῦτα	postag	p-p---na-	a-p---na-	
0085-004	814	3	καὶ	postag	b--------	c--------	
0085-004	814	5	πάρα	lemma	πάρειμι	παρά	
0085-004	814	5	πάρα	postag	v3ppia---	r--------	
0085-004	815-817	2	μὲν	postag	d--------	g--------	
0085-004	815-817	2	μὲν	head	13	7	
0085-004	815-817	4	πράσσουσαν	relation	ADV	ATV	
0085-004	815-817	5	,	head	13	7	
0085-004	815-817	7	δ’	postag	b--------	g--------	
0085-004	815-817	7	δ’	relation	AuxY	COORD	
0085-004	815-817	7	δ’	head	13	0	
0085-004	815-817	8	ἐπιστάται	relation	SBJ	SBJ_AP	
0085-004	815-817	8	ἐπιστάται	head	13	9	
0085-004	815-817	9	,	relation	AuxX	APOS	
0085-004	815-817	9	,	head	0	13	
0085-004	815-817	11	στρατηγώ	relation	APOS	SBJ_AP	
0085-004	815-817	11	στρατηγώ	head	8	9	
0085-004	815-817	12	,	head	8	9	
0085-004	815-817	13	διέλαχον	relation	PRED	PRED_CO	
0085-004	815-817	13	διέλαχον	head	0	7	
0085-004	815-817	20	[0]	lemma	_	/	
0085-004	815-817	20	[0]	head	7	0	
0085-004	818-819	2	δ’	postag	d--------	g--------	
0085-004	820	2	σέσωσται	lemma	σῴζω	σώζω	
0085-004	820-821	2	δ’	postag	d--------	g--------	
0085-004	820-821	6	γαῖ’	lemma	γῆ	γαῖα	
0085-004	820-821	8	ἀλλήλων	postag	p-p---mg-	a-p---mg-	
0085-004	822-826	4	καὶ	postag	b--------	c--------	
0085-004	822-826	9	δὴ	postag	d--------	g--------	
0085-004	822-826	15	πότερον	lemma	πότερον	πότερος	
0085-004	822-826	15	πότερον	postag	d--------	a-s---na-	
0085-004	822-826	20	?	relation	AuxK	AuxX	
0085-004	822-826	22	.	form	.	. .,	
0085-004	822-826	22	.	postag	u--------	---------	
0085-004	822-826	22	.	relation	AuxK	AuxX	
0085-004	822-826	23	[0]	lemma	_	/	
0085-004	827-830	1	ἢ	postag	b--------	c--------	
0085-004	827-830	1	ἢ	relation	AuxY	COORD	
0085-004	827-830	1	ἢ	head	7	0	
0085-004	827-830	4	καὶ	postag	b--------	c--------	
0085-004	827-830	7	κλαύσω	relation	PRED	PRED_CO	
0085-004	827-830	7	κλαύσω	head	0	1	
0085-004	831-832b	2	δῆτ’	relation	AuxZ	AuxY	
0085-004	831-832b	3	ὀρθῶς	head	5	4	
0085-004	831-832b	6	καὶ	postag	b--------	c--------	
0085-004	831-832b	7	πολυνεικεῖς	relation	ADV_CO	AtvV_CO	
0085-004	833-834	3	καὶ	postag	b--------	c--------	
0085-004	833-834	7	τ’	postag	b--------	g--------	
0085-004	833-834	8	ἀρά	postag	n-s---nv-	n-s---fn-	
0085-004	833-834	11	με	postag	p1s---ca-	p-s---ma-	
0085-004	833-834	14	περιπίτνει	lemma	περιπίπτω	περιπίτνω	
0085-004	835-838	4	θυιὰς	form	θυιὰς	Θυιὰς	
0085-004	835-838	4	θυιὰς	relation	ADV	AtvV	
0085-004	835-838	6	νεκροὺς	postag	a-p---ma-	n-p---ma-	
0085-004	835-838	9	θανόντας	lemma	θνῄσκω	θνήσκω	
0085-004	835-838	9	θανόντας	relation	ADV	ATV	
0085-004		7	[0]	head	0	4	
0085-004	840-841	3	οὐ	postag	d--------	g--------	
0085-004	840-841	4	δ’	postag	b--------	g--------	
0085-004	840-841	5	ἀπεῖπεν	lemma	ἀπολέγω	ἀπεῖπον	
0085-004	842	2	δ’	postag	d--------	g--------	
0085-004	842	2	δ’	relation	AuxY	COORD	
0085-004	842	2	δ’	head	5	0	
0085-004	842	4	Λαΐου	lemma	Λάϊος	Λάιος	
0085-004	842	5	διήρκεσαν	relation	PRED	PRED_CO	
0085-004	842	5	διήρκεσαν	head	0	2	
0085-004	843	2	δ’	postag	d--------	g--------	
0085-004	843	2	δ’	relation	AuxY	COORD	
0085-004	843	2	δ’	head	6	0	
0085-004	843	6	[0]	lemma	_	/	
0085-004	843	6	[0]	relation	PRED	PRED_CO	
0085-004	843	6	[0]	head	0	2	
0085-004		1	ἰὼ	relation	ExD	AuxX	
0085-004	848	8	[0]	lemma	_	/	
0085-004	848	9	[1]	lemma	_	/	
0085-004		4	?	relation	AuxK	AuxX	
0085-004	851	2	φῶ	postag	v1spsa---	v1s-sa---	
0085-004	852-853	1	τί	postag	p-s---nn-	a-p---nn-	
0085-004	852-853	2	δ’	postag	d--------	g--------	
0085-004	852-853	2	δ’	relation	AuxY	COORD	
0085-004	852-853	2	δ’	head	11	0	
0085-004	852-853	3	ἄλλο	postag	p-s---nn-	a-s---nn-	
0085-004	852-853	4	γ’	postag	d--------	g--------	
0085-004	852-853	6	πόνοι	head	5	11	
0085-004	852-853	11	[0]	lemma	_	/	
0085-004	852-853	11	[0]	relation	PRED	PRED_CO	
0085-004	852-853	11	[0]	head	0	2	
0085-004	854-860	36	τε	postag	b--------	g--------	
0085-004	861-863	2	γὰρ	postag	d--------	g--------	
0085-004	861-863	2	γὰρ	relation	AuxY	AuxZ	
0085-004	861-863	2	γὰρ	head	3	1	
0085-004	861-863	4	αἵδ’	relation	SBJ	SBJ_AP	
0085-004	861-863	4	αἵδ’	head	3	16	
0085-004	861-863	6	πρᾶγος	relation	ADV	ADV_AP	
0085-004	861-863	6	πρᾶγος	head	5	12	
0085-004	861-863	9	τ’	postag	b--------	g--------	
0085-004	861-863	10	ἠδ’	postag	b--------	c--------	
0085-004	861-863	10	ἠδ’	head	4	16	
0085-004	861-863	12	,	relation	AuxX	APOS	
0085-004	861-863	12	,	head	0	5	
0085-004	861-863	13	θρῆνον	relation	APOS	ADV_AP	
0085-004	861-863	13	θρῆνον	head	6	12	
0085-004	863-865	4	σφ’	postag	p3p---ca-	p-p---fa-	
0085-004	866-870	1	ἡμᾶς	postag	p1p---ca-	p-p---fa-	
0085-004	866-870	2	δὲ	postag	d--------	g--------	
0085-004	866-870	8	θ’	postag	b--------	g--------	
0085-004	866-870	12	ἀίδα	form	ἀίδα	Ἀίδα	
0085-004	866-870	13	τ’	postag	b--------	g--------	
0085-004	866-870	15	παιᾶν’	lemma	παιάν	Παιάν	
0085-004	866-870	18	[0]	lemma	_	/	
0085-004	879-880	11	[0]	lemma	_	/	
0085-004	886-887	1	κάρτα	relation	ADV	AuxZ	
0085-004	886-887	2	δ’	postag	d--------	g--------	
0085-004	886-887	6	πότνι’	relation	APOS	ATR	
0085-004	888-894	1	δι’	lemma	διά	διό	
0085-004	888-894	1	δι’	postag	r--------	c--------	
0085-004	888-894	3	τετυμμένοι	relation	MWE	AuxY	
0085-004	888-894	9	τε	postag	b--------	g--------	
0085-004	888-894	11	αἰαῖ	relation	ExD	AuxZ	
0085-004	888-894	11	αἰαῖ	head	15	12	
0085-004	888-894	14	αἰαῖ	relation	ExD	AuxZ	
0085-004	888-894	14	αἰαῖ	head	15	18	
0085-004	888-894	15	δ’	postag	b--------	g--------	
0085-004	888-894	20	[0]	lemma	_	/	
0085-004	888-894	21	[1]	lemma	_	/	
0085-004	895-899	1	διανταίαν	relation	ATR	ADV	
0085-004	895-899	1	διανταίαν	head	3	7	
0085-004	895-899	3	[πλαγὰν]	relation	ADV	UNDEFINED	
0085-004	895-899	3	[πλαγὰν]	head	7	0	
0085-004	895-899	5	καὶ	postag	b--------	c--------	
0085-004	895-899	7	πεπλαγμένους	relation	ADV	AtvV	
0085-004	895-899	9	[ἐννέπω]	relation	ExD	UNDEFINED	
0085-004	895-899	9	[ἐννέπω]	head	2	0	
0085-004	895-899	13	τ’	postag	b--------	g--------	
0085-004	900-902	2	δὲ	postag	d--------	g--------	
0085-004	900-902	3	καὶ	postag	d--------	c--------	
0085-004	902-906	3	δ’	postag	b--------	g--------	
0085-004	902-906	6	δι’	lemma	διά	διό	
0085-004	902-906	6	δι’	postag	r--------	c--------	
0085-004	902-906	10	δι’	lemma	διά	διό	
0085-004	902-906	10	δι’	postag	r--------	c--------	
0085-004	902-906	14	[καὶ]	postag	b--------	c--------	
0085-004	902-906	18	[0]	lemma	_	/	
0085-004	907-908	2	δ’	postag	d--------	g--------	
0085-004	907-908	3	ὀξυκάρδιοι	relation	ADV	AtvV	
0085-004	907-908	6	ὥστ’	postag	c--------	d--------	
0085-004	909-910	2	δ’	postag	d--------	g--------	
0085-004	909-910	7	οὐ	postag	d--------	g--------	
0085-004	909-910	8	δ’	postag	b--------	g--------	
0085-004	909-910	12	[0]	lemma	_	/	
0085-004	909-910	13	[1]	lemma	_	/	
0085-004	911-913	1	σιδαρόπλακτοι	relation	ADV	AtvV	
0085-004	911-913	2	μὲν	postag	d--------	g--------	
0085-004	911-913	3	ὧδ’	relation	ADV	OBJ	
0085-004	911-913	6	σιδαρόπλακτοι	relation	ADV	AtvV	
0085-004	911-913	7	δὲ	postag	b--------	g--------	
0085-004	911-913	8	τοὺς	postag	l-p---ma-	p-p---ma-	
0085-004	911-913	12	ἄν	postag	d--------	g--------	
0085-004	911-913	13	τις	postag	p-s---cn-	p-s---mn-	
0085-004	911-913	14	εἴποι	lemma	λέγω	εἶπον	
0085-004	911-913	14	εἴποι	relation	ExD	PRED_PA	
0085-004	911-913	16	τίνες	postag	p-p---cn-	p-p---mn-	
0085-004	911-913	18	[0]	lemma	_	/	
0085-004	911-913	18	[0]	relation	OBJ	APOS	
0085-004	914	5	[0]	lemma	_	/	
0085-004		15	οὐ	relation	AuxZ	AuxX	
0085-004	922-925	2	δ’	postag	d--------	g--------	
0085-004	922-925	3	εἰπεῖν	lemma	λέγω	εἶπον	
0085-004	922-925	9	μὲν	postag	d--------	g--------	
0085-004	922-925	13	τε	postag	b--------	g--------	
0085-004	922-925	18	δαΐ	lemma	δαΐς	δάις	
0085-004	926-928	2	σφιν	postag	p3p---cd-	p-p---md-	
0085-004	926-928	9	τεκνογόνοι	lemma	τεκνόγονος	τεκνογόνος	
0085-004	926-928	12	[0]	lemma	_	/	
0085-004		1	παῖδα	postag	n-s---ca-	n-s---ma-	
0085-004	933-936	3	καὶ	postag	b--------	c--------	
0085-004	933-936	10	ἔριδι	relation	ExD	_ExD0_PRED	
0085-004	933-936	12	,	relation	AuxX	AuxP	
0085-004	933-936	17	[0]	lemma	_	/	
0085-004	937-939	2	δ’	postag	d--------	g--------	
0085-004	937-939	6	δὲ	postag	b--------	g--------	
0085-004	937-939	7	γαίᾳ	lemma	γῆ	γαῖα	
0085-004	937-939	10	μέμεικται	lemma	μείγνυμι	μίγνυμι	
0085-004	939	1	κάρτα	relation	ADV	AuxZ	
0085-004	939	2	δ’	postag	d--------	g--------	
0085-004	940-942	6	ξεῖνος	postag	a-s---mn-	n-s---mn-	
0085-004	940-942	6	ξεῖνος	relation	SBJ	SBJ_AP	
0085-004	940-942	6	ξεῖνος	head	13	14	
0085-004	940-942	11	σίδαρος	relation	APOS	SBJ_AP	
0085-004	940-942	11	σίδαρος	head	6	14	
0085-004	940-942	13	[0]	lemma	_	/	
0085-004	947-948	2	δὲ	postag	d--------	g--------	
0085-004	947-948	2	δὲ	relation	AuxY	COORD	
0085-004	947-948	2	δὲ	head	7	0	
0085-004	947-948	7	ἔσται	postag	v3sfim---	v3sfi----	
0085-004	947-948	7	ἔσται	relation	PRED	PRED_CO	
0085-004	947-948	7	ἔσται	head	0	2	
0085-004	949-950	7	[0]	lemma	_	/	
0085-004	951-953	1	τελευταῖαι	relation	ADV	ATV	
0085-004	951-953	2	δ’	postag	d--------	g--------	
0085-004	951-953	2	δ’	relation	AuxY	COORD	
0085-004	951-953	2	δ’	head	3	0	
0085-004	951-953	3	ἐπηλάλαξαν	relation	PRED	PRED_CO	
0085-004	951-953	3	ἐπηλάλαξαν	head	0	2	
0085-004	951-953	4	ἀραὶ	form	ἀραὶ	Ἀραὶ	
0085-004	958	1	σὺ	postag	p2s---cn-	p-s---mn-	
0085-004	958	2	δ’	postag	d--------	g--------	
0085-004	958	3	ἔθανες	lemma	θνῄσκω	θνήσκω	
0085-004	959-960	2	δ’	postag	d--------	g--------	
0085-004	959-960	6	δ’	postag	b--------	g--------	
0085-004	959-960	7	ἔθανες	lemma	θνῄσκω	θνήσκω	
0085-004	959-960	9	μελεοπόνος	relation	ADV	AtvV	
0085-004	961	1	μελεοπαθής	relation	ADV	AtvV	
0085-004	961	3	[0]	lemma	_	/	
0085-004	962	1	ἴτω	lemma	ἔρχομαι	εἶμι	
0085-004	963	1	ἴτω	lemma	ἔρχομαι	εἶμι	
0085-004	966	3	[0]	lemma	_	/	
0085-004	967	3	[0]	lemma	_	/	
0085-004	969	2	δὲ	postag	d--------	g--------	
0085-004	970	4	σύ	postag	p2s---cn-	p-s---mn-	
0085-004	970	6	[0]	lemma	_	/	
0085-004	970	1	σὺ	postag	p2s---cn-	p-s---mn-	
0085-004	970	2	δ’	postag	d--------	g--------	
0085-004	970	3	αὖτε	relation	ADV	AuxZ	
0085-004	970	3	αὖτε	head	7	2	
0085-004	970	4	καὶ	postag	d--------	c--------	
0085-004	970	7	[0]	lemma	_	/	
0085-004	972	1	καὶ	postag	d--------	c--------	
0085-004	972	1	καὶ	relation	AuxY	COORD	
0085-004	972	1	καὶ	head	3	0	
0085-004	972	3	ἔκτανες	head	0	1	
0085-004	973-975	1	διπλᾶ	lemma	διπλόος	διπλοῦς	
0085-004	973-975	3	-	relation	AuxG	AuxX	
0085-004	973-975	4	διπλᾶ	lemma	διπλόος	διπλοῦς	
0085-004	973-975	5	δ’	postag	b--------	g--------	
0085-004	973-975	7	-	relation	AuxG	AuxX	
0085-004	973-975	8	ἄχθεα	head	13	0	
0085-004	973-975	9	τῶνδε	relation	ATR	OBJ	
0085-004	973-975	9	τῶνδε	head	8	14	
0085-004	973-975	11	ἐγγύθεν	relation	ATR	AuxP	
0085-004	973-975	11	ἐγγύθεν	head	9	0	
0085-004	973-975	13	[0]	lemma	_	/	
0085-004	976	1	πέλας	relation	ADV	AuxP	
0085-004	976	5	[0]	lemma	_	/	
0085-004	977-979	2	μοῖρα	form	μοῖρα	Μοῖρα	
0085-004	977-979	6	πότνιά	relation	APOS	ATR	
0085-004	977-979	7	τ’	postag	b--------	g--------	
0085-004	977-979	9	σκιά	relation	ExD_CO	ExD_AP_CO	
0085-004	977-979	9	σκιά	head	7	10	
0085-004	977-979	10	,	relation	AuxX	APOS	
0085-004	977-979	10	,	head	0	7	
0085-004	977-979	12	Ἐρινύς	relation	APOS	ExD_AP_CO	
0085-004	977-979	12	Ἐρινύς	head	9	10	
0085-004	977-979	13	,	head	9	10	
0085-004	977-979	16	τις	postag	p-s---cn-	p-s---fn-	
0085-004	977-979	17	εἶ	lemma	εἰμί	εἰ	
0085-004	977-979	17	εἶ	postag	v2spia---	c--------	
0085-004	980	3	[0]	lemma	_	/	
0085-004	981	3	[0]	lemma	_	/	
0085-004	982-983	7	ἐμοί	postag	p1s---cd-	p-s---fd-	
0085-004	984	1	οὐ	postag	d--------	g--------	
0085-004	984	2	δ’	postag	d--------	g--------	
0085-004	984	3	ἵκεθ’	postag	v3saim---	v3sai----	
0085-004	985	1	σωθεὶς	lemma	σῴζω	σώζω	
0085-004	985	2	δὲ	postag	d--------	g--------	
0085-004	985	3	ἄγαν	relation	ADV	AuxY	
0085-004	986	1	καὶ	postag	d--------	c--------	
0085-004	986	1	καὶ	relation	AuxY	COORD	
0085-004	986	1	καὶ	head	3	0	
0085-004	986	3	ἐνόσφισεν	relation	PRED	PRED_CO	
0085-004	986	3	ἐνόσφισεν	head	0	1	
0085-004	987	4	[0]	lemma	_	/	
0085-004	988	4	[0]	lemma	_	/	
0085-004	989	5	[0]	lemma	_	/	
0085-004	990	1	?	relation	AuxK	AuxX	
0085-004	990	6	[0]	lemma	_	/	
0085-004	991-993	2	μοῖρα	form	μοῖρα	Μοῖρα	
0085-004	991-993	6	πότνιά	relation	APOS	ATR	
0085-004	991-993	7	τ’	postag	b--------	g--------	
0085-004	991-993	9	σκιά	relation	ExD_CO	ExD_AP_CO	
0085-004	991-993	9	σκιά	head	7	10	
0085-004	991-993	10	,	relation	AuxX	APOS	
0085-004	991-993	10	,	head	0	7	
0085-004	991-993	12	Ἐρινύς	relation	APOS	ExD_AP_CO	
0085-004	991-993	12	Ἐρινύς	head	9	10	
0085-004	991-993	13	,	relation	AuxX	APOS	
0085-004	991-993	16	τις	postag	p-s---cn-	p-s---fn-	
0085-004	991-993	17	εἶ	lemma	εἰμί	εἰ	
0085-004	991-993	17	εἶ	postag	v2spia---	c--------	
0085-004	994-997	1	σὺ	postag	p2s---cn-	p-s---mn-	
0085-004	994-997	2	τοί	postag	d--------	g--------	
0085-004	994-997	7	σὺ	postag	p2s---cn-	p-s---mn-	
0085-004	994-997	8	δ’	postag	b--------	g--------	
0085-004	994-997	9	οὐδὲν	postag	p-s---na-	a-s---na-	
0085-004	994-997	9	οὐδὲν	relation	ADV	AuxZ	
0085-004	994-997	10	ὕστερος	relation	ADV	AtvV	
0085-004	994-997	19	γε	postag	d--------	g--------	
0085-004	994-997	21	ἀντηρέτας	relation	ADV	AtvV	
0085-004	994-997	23	[0]	lemma	_	/	
0085-004	998	4	[0]	lemma	_	/	
0085-004	999	2	δ’	postag	d--------	g--------	
0085-004	999	5	[0]	lemma	_	/	
0085-004	1000-1002	8	καὶ	postag	b--------	c--------	
0085-004	1003	3	δ’	postag	b--------	g--------	
0085-004	1003	4	ἐμοί	postag	p1s---cd-	p-s---fd-	
0085-004	1003	6	[0]	lemma	_	/	
0085-004	1004	1	καὶ	postag	d--------	c--------	
0085-004	1004	4	γ’	postag	d--------	g--------	
0085-004	1004	5	ἐμοί	postag	p1s---cd-	p-s---fd-	
0085-004	1004	7	[0]	lemma	_	/	
0085-004	1005	8	[0]	lemma	_	/	
0085-004	1006	5	[0]	lemma	_	/	
0085-004	1007	6	[0]	lemma	_	/	
0085-004	1008	5	σφε	postag	p3p---ca-	p-p---ma-	
0085-004	1010	8	[0]	lemma	_	/	
0085-004	1011-1012	2	καὶ	postag	b--------	c--------	
0085-004	1011-1012	5	με	postag	p1s---ca-	p-s---ma-	
0085-004	1013-1014	2	μὲν	postag	d--------	g--------	
0085-004	1015-1017	2	γὰρ	postag	d--------	g--------	
0085-004	1015-1017	10	δ’	postag	b--------	g--------	
0085-004	1015-1017	15	τέθνηκεν	lemma	θνῄσκω	θνήσκω	
0085-004	1015-1017	16	οὗπερ	lemma	ὅς	οὗπερ	
0085-004	1015-1017	19	θνῄσκειν	lemma	θνῄσκω	θνήσκω	
0085-004	1015-1017	22	[0]	lemma	_	/	
0085-004	1018	1	οὕτω	relation	ADV	AuxY	
0085-004	1018	2	μὲν	postag	d--------	g--------	
0085-004	1019-1023	1	τούτου	postag	p-s---mg-	a-s---mg-	
0085-004	1019-1023	2	δ’	postag	d--------	g--------	
0085-004	1019-1023	3	ἀδελφὸν	relation	OBJ	OBJ_AP	
0085-004	1019-1023	6	νεκρὸν	relation	OBJ	OBJ_AP	
0085-004	1019-1023	9	ἄθαπτον	relation	ADV	ATV_AP	
0085-004	1019-1023	9	ἄθαπτον	head	30	10	
0085-004	1019-1023	10	,	relation	AuxX	APOS	
0085-004	1019-1023	10	,	head	0	30	
0085-004	1019-1023	11	ἁρπαγὴν	relation	APOS	ATV_AP	
0085-004	1019-1023	11	ἁρπαγὴν	head	9	10	
0085-004	1019-1023	14	ὡς	relation	AuxZ	AuxC	
0085-004	1019-1023	14	ὡς	head	15	8	
0085-004	1019-1023	21	μὴ	postag	d--------	c--------	
0085-004	1019-1023	23	τις	postag	p-s---cn-	p-s---mn-	
0085-004	1019-1023	26	δορὶ	relation	ADV	OBJ	
0085-004	1019-1023	27	τῷ	lemma	ὁ	τῷ	
0085-004	1019-1023	27	τῷ	postag	l-s---nd-	d--------	
0085-004	1019-1023	29	·.	lemma	.	·.	
0085-004	1019-1023	30	[0]	lemma	_	/	
0085-004	1023-1025	2	δὲ	postag	d--------	g--------	
0085-004	1023-1025	3	καὶ	postag	d--------	c--------	
0085-004	1023-1025	4	θανὼν	lemma	θνῄσκω	θνήσκω	
0085-004	1026-1030	1	οὕτω	relation	ADV	AuxY	
0085-004	1026-1030	12	καὶ	postag	b--------	c--------	
0085-004	1026-1030	13	μήθ’	postag	b--------	g--------	
0085-004	1026-1030	17	μήτ’	lemma	μήτε	μήτις	
0085-004	1026-1030	17	μήτ’	postag	b--------	a-s----a-	
0085-004	1026-1030	24	δ’	postag	b--------	g--------	
0085-004	1031	1	τοιαῦτ’	postag	p-p---nn-	a-p---nn-	
0085-004	1032	1	ἐγὼ	postag	p1s---cn-	p-s---mn-	
0085-004	1032	2	δὲ	postag	d--------	g--------	
0085-004	1032	4	γε	postag	d--------	g--------	
0085-004	1033-1036	2	μή	postag	d--------	c--------	
0085-004	1033-1036	3	τις	postag	p-s---cn-	p-s---mn-	
0085-004	1033-1036	4	ἄλλος	postag	p-s---mn-	a-s---mn-	
0085-004	1033-1036	9	ἐγώ	postag	p1s---cn-	p-s---mn-	
0085-004	1033-1036	10	σφε	postag	p3p---ca-	p-s---ma-	
0085-004	1033-1036	12	κἀνὰ	relation	AuxP	AuxZ	
0085-004	1033-1036	13	κίνδυνον	relation	OBJ	UNDEFINED	
0085-004	1033-1036	13	κίνδυνον	head	12	0	
0085-004	1033-1036	20	οὐ	postag	d--------	g--------	
0085-004	1033-1036	21	δ’	postag	b--------	g--------	
0085-004	1037-1038	6	οὗ	relation	ADV	ADV_AP	
0085-004	1037-1038	6	οὗ	head	7	8	
0085-004	1037-1038	8	,	relation	AuxX	APOS	
0085-004	1037-1038	8	,	head	0	7	
0085-004	1037-1038	9	μητρὸς	relation	APOS_CO	ADV_AP_CO	
0085-004	1037-1038	11	κἀπὸ	lemma	καί	ἀπό	
0085-004	1037-1038	11	κἀπὸ	postag	b--------	r--------	
0085-004	1037-1038	11	κἀπὸ	head	6	8	
0085-004	1037-1038	13	πατρός	relation	APOS_CO	ADV_AP_CO	
0085-004	1037-1038	15	[0]	lemma	_	/	
0085-004	1039-1040	1	τοιγὰρ	postag	d--------	g--------	
0085-004	1039-1040	3	ἄκοντι	lemma	ἄκων	ἀέκων	
0085-004	1039-1040	8	θανόντι	lemma	θνῄσκω	θνήσκω	
0085-004	1041-1042	1	τούτου	postag	p-s---mg-	a-s---mg-	
0085-004	1041-1042	2	δὲ	postag	d--------	g--------	
0085-004	1041-1042	2	δὲ	relation	AuxY	COORD	
0085-004	1041-1042	2	δὲ	head	8	0	
0085-004	1041-1042	4	οὐ	postag	d--------	g--------	
0085-004	1041-1042	5	δὲ	postag	b--------	g--------	
0085-004	1041-1042	5	δὲ	relation	AuxY	AuxZ	
0085-004	1041-1042	8	σπάσονται	relation	PRED	PRED_CO	
0085-004	1041-1042	8	σπάσονται	head	0	2	
0085-004	1042	1	μὴ	postag	d--------	c--------	
0085-004	1042	3	τινί	postag	p-s---cd-	p-s---md-	
0085-004	1043-1045	2	γὰρ	postag	d--------	g--------	
0085-004	1043-1045	3	αὐτῷ	postag	p-s---md-	a-s---md-	
0085-004	1043-1045	4	καὶ	postag	b--------	c--------	
0085-004	1043-1045	6	ἐγώ	postag	p1s---cn-	p-s---mn-	
0085-004	1043-1045	9	περ	lemma	περ	πέρ	
0085-004	1043-1045	9	περ	postag	d--------	g--------	
0085-004	1043-1045	13	μηχανήσομαι	postag	v1sfim---	v1sfie---	
0085-004	1046	1	καὐτὴ	postag	p-s---fn-	a-s---fn-	
0085-004	1046	1	καὐτὴ	relation	ADV	AtvV	
0085-004	1046	4	μη	postag	d--------	g--------	
0085-004	1046	5	δέ	postag	b--------	g--------	
0085-004	1046	6	τῳ	postag	p-s---cd-	p-s---md-	
0085-004	1048	3	σε	postag	p2s---ca-	p-s---fa-	
0085-004	1048	4	μὴ	postag	d--------	c--------	
0085-004	1049	2	σὲ	postag	p2s---ca-	p-s---ma-	
0085-004	1049	3	μὴ	postag	d--------	c--------	
0085-004	1049	6	ἐμοί	postag	p1s---cd-	p-s---fd-	
0085-004	1050	2	γε	postag	d--------	g--------	
0085-004	1050	3	μέντοι	postag	d--------	g--------	
0085-004	1050	3	μέντοι	relation	AuxY	AuxZ	
0085-004	1050	8	[0]	lemma	_	/	
0085-004	1051	2	δ’	postag	d--------	g--------	
0085-004	1051	3	οὗτος	postag	p-s---mn-	a-s---mn-	
0085-004	1052	6	σὺ	postag	p2s---cn-	p-s---fn-	
0085-004	1052	9	,	relation	AuxX	UNDEFINED	
0085-004	1054	3	πρίν	postag	c--------	d--------	
0085-004	1054	4	γε	postag	d--------	g--------	
0085-004	1054	10	[0]	lemma	_	/	
0085-004	1056	5	ἑνὸς	postag	m-s---mg-	n-s---mg-	
0085-004	1057	4	ὑστάτη	relation	ADV	ATV	
0085-004	1058	1	ἐγὼ	postag	p1s---cn-	p-s---mn-	
0085-004	1058	2	δὲ	postag	d--------	g--------	
0085-004	1058	1	μὴ	postag	d--------	c--------	
0085-004	1059	3	ἴσθ’	relation	PRED_CO	PRED	
0085-004	1059	6	δ’	postag	b--------	g--------	
0085-004	1059	7	ἐγώ	postag	p1s---cn-	p-s---mn-	
0085-004	1060	1	φεῦ	relation	ExD	AuxY	
0085-004	1060	1	φεῦ	head	0	2	
0085-004	1060-1063	3	καὶ	postag	b--------	c--------	
0085-004	1060-1063	11	ὠλέσατε	relation	ATR	COORD	
0085-004	1063	2	δὲ	postag	d--------	g--------	
0085-004	1063	2	δὲ	postag	d--------	g--------	
0085-004	1064-1065	3	μήτε	postag	d--------	g--------	
0085-004	1064-1065	4	σὲ	postag	p2s---ca-	p-s---ma-	
0085-004	1064-1065	6	μήτε	postag	b--------	g--------	
0085-004	1066-1067	7	[0]	lemma	_	/	
0085-004	1068-1069	1	σύ	postag	p2s---cn-	p-s---mn-	
0085-004	1068-1069	2	γε	postag	d--------	g--------	
0085-004	1068-1069	3	μὴν	postag	d--------	g--------	
0085-004	1069-1071	1	κεῖνος	lemma	ἐκεῖνος	κεῖνος	
0085-004	1069-1071	1	κεῖνος	postag	p-s---mn-	a-s---mn-	
0085-004	1069-1071	2	δ’	postag	d--------	g--------	
0085-004	1069-1071	5	ἄγοος	relation	ADV	ATV	
0085-004	1069-1071	10	εἶσιν	lemma	ἔρχομαι	εἶμι	
0085-004	1071	1	τίς	postag	p-s---cn-	p-s---mn-	
0085-004	1071	2	ἂν	postag	d--------	g--------	
0085-004	1071	3	οὖν	postag	d--------	g--------	
0085-004	1071	3	οὖν	relation	AuxY	AuxZ	
0085-004	1071	4	τὰ	postag	l-p---na-	p-p---na-	
0085-004	1072-1073	4	καὶ	postag	b--------	c--------	
0085-004	1072-1073	5	μὴ	postag	d--------	c--------	
0085-004	1074-1075	1	ἡμεῖς	postag	p1p---cn-	p-p---fn-	
0085-004	1074-1075	2	μὲν	postag	d--------	g--------	
0085-004	1074-1075	3	ἴμεν	lemma	ἔρχομαι	εἶμι	
0085-004	1074-1075	4	καὶ	postag	b--------	c--------	
0085-004	1074-1075	7	προπομποί	relation	ADV	ATV	
0085-004	1075-1077	1	καὶ	postag	d--------	c--------	
0085-004	1075-1077	1	καὶ	head	8	2	
0085-004	1075-1077	2	γὰρ	postag	d--------	g--------	
0085-004	1075-1077	8	καὶ	postag	b--------	c--------	
0085-004	1075-1077	10	ἄλλως	lemma	ἄλλος	ἄλλως	
0085-004	1075-1077	16	[0]	lemma	_	/	
0085-004	1078-1079	1	ἡμεῖς	postag	p1p---cn-	p-p---mn-	
0085-004	1078-1079	1	ἡμεῖς	relation	SBJ	SBJ_AP	
0085-004	1078-1079	2	δ’	postag	d--------	g--------	
0085-004	1078-1079	3	ἅμα	postag	r--------	d--------	
0085-004	1078-1079	6	ὥσπερ	postag	c--------	d--------	
0085-004	1078-1079	7	τε	postag	b--------	g--------	
0085-004	1078-1079	9	καὶ	postag	b--------	c--------	
0085-004	1078-1079	14	[0]	lemma	_	/	
